hash,local_path,size_bytes,sha256,isohash2,author,family,result
286c6fa6ec6d35d7e6cfd077a9bc8aa7,benchmarks/sat/satcomp2026-main/instances/001-4d26cfc06819a057-286c6fa6ec6d35d7e6cfd077a9bc8aa7.cnf.xz,394145072,08151285d5d2cfea96029bb3f2aa05702173e2d0614a235a83f5ae06e543a182,4d26cfc06819a057,jianmin,md5-equivalence-checking,unknown
a649b01f9af35d1309ddac85b78bfcf3,benchmarks/sat/satcomp2026-main/instances/002-0f3f41acf8e834c4-a649b01f9af35d1309ddac85b78bfcf3.cnf.xz,420159548,5a884503be5006731357f8d05d89c5f713fb1e8bed510aa81f416f94027cb0b4,0f3f41acf8e834c4,jianmin,md5-equivalence-checking,unknown
6415a71364351c0a521fdee510bc2589,benchmarks/sat/satcomp2026-main/instances/003-9a86713fa79ffdec-6415a71364351c0a521fdee510bc2589.cnf.xz,112876788,20408975fa70490cb4085d1db4602feea876313031dad74f152de6e0985b6e8e,9a86713fa79ffdec,jianmin,md5-equivalence-checking,sat
83aa254f7d17e1df7bee19322ac4752b,benchmarks/sat/satcomp2026-main/instances/004-55ea85fbe90a7ea0-83aa254f7d17e1df7bee19322ac4752b.cnf.xz,218542380,99f06c9a69079eef487906b0d5e933d8f5447c52aebcc5ba27ca7eb4ced1a22f,55ea85fbe90a7ea0,jianmin,md5-equivalence-checking,sat
8d738c988c8ad8499661d7f738abd857,benchmarks/sat/satcomp2026-main/instances/005-3ef96b958c928352-8d738c988c8ad8499661d7f738abd857.cnf.xz,130738788,582463180827a43dc9e27e90b98a8c0130a62d35ecc78e98cae105b4def9888a,3ef96b958c928352,jianmin,md5-equivalence-checking,unknown
00fd8ac9acd186a7a78a2c4d92f90de1,benchmarks/sat/satcomp2026-main/instances/006-d60393e48283df68-00fd8ac9acd186a7a78a2c4d92f90de1.cnf.xz,174293952,df8ac45bf7a2e52c0412447122ff38bbbe80eed890d437d977c1b848108d2111,d60393e48283df68,jianmin,md5-equivalence-checking,sat
6ebe901234af9615bb85b688a26ef2c4,benchmarks/sat/satcomp2026-main/instances/007-a235aea91755aa5e-6ebe901234af9615bb85b688a26ef2c4.cnf.xz,876521928,6eadb491c2401ca0560e63de71fbe802e132b7d98b39936d476f7ac1cb706075,a235aea91755aa5e,jianmin,md5-equivalence-checking,unknown
a789d0722f1aa0d44c5a38b374719c69,benchmarks/sat/satcomp2026-main/instances/008-e63e37af3d7402b0-a789d0722f1aa0d44c5a38b374719c69.cnf.xz,77742148,96925005fcc277b13ae6fa519dc9b047ae22bb853ef9984d70ac36e6cd87d3ae,e63e37af3d7402b0,jianmin,md5-equivalence-checking,unknown
e23edb67db2d1dfdbfe2f4c02d09c6c7,benchmarks/sat/satcomp2026-main/instances/009-3dba6387f900de44-e23edb67db2d1dfdbfe2f4c02d09c6c7.cnf.xz,69343000,3f8430052a62576b8c9d121f6ba6edf7a2e7f5382942652dd9b7f657fa576343,3dba6387f900de44,jianmin,md5-equivalence-checking,sat
ee5fb3e181571740adb8444bd052dbdc,benchmarks/sat/satcomp2026-main/instances/010-8f1b6ef96b8628c7-ee5fb3e181571740adb8444bd052dbdc.cnf.xz,402754640,387e6e768cba3cd3538e38c0b139ea00169fbddfd7287e7fd2349933a7d30f94,8f1b6ef96b8628c7,jianmin,md5-equivalence-checking,sat
9af78578225115b54d5e7338562664fd,benchmarks/sat/satcomp2026-main/instances/011-5e6ad41d7ead8745-9af78578225115b54d5e7338562664fd.cnf.xz,262492464,34ceae7c560b7a2839347419f726360ffc983ab70ed41fed1e1450561a93461c,5e6ad41d7ead8745,jianmin,md5-equivalence-checking,sat
619e9e0d70c78c97b0516afedf086fee,benchmarks/sat/satcomp2026-main/instances/012-bb9977af7eae87e9-619e9e0d70c78c97b0516afedf086fee.cnf.xz,43323268,39daa218322df7f6c4b171a8bc82f593837955fc4a59076801575330a612219a,bb9977af7eae87e9,jianmin,md5-equivalence-checking,sat
affe8884c8c744ab2f07683ed1cf0d1a,benchmarks/sat/satcomp2026-main/instances/013-5d0f518973485c03-affe8884c8c744ab2f07683ed1cf0d1a.cnf.xz,1342940,eb9fc53cf79c6627c1aefb6e8240febb2c94ae87cef853b3033e3c9ebb7d8f60,5d0f518973485c03,tchinda,school-timetabling,unknown
b7b9fddecc06a319a38c7ed8067f5d6d,benchmarks/sat/satcomp2026-main/instances/014-b764a250fd95a388-b7b9fddecc06a319a38c7ed8067f5d6d.cnf.xz,1447704,e7c3dd45c255be94aca6a4c861e62dceb98a473151fe5a6631171250360b33d7,b764a250fd95a388,tchinda,school-timetabling,unknown
77e655b23c0a50d911c0384ef8fe266d,benchmarks/sat/satcomp2026-main/instances/015-a0650424ce33517e-77e655b23c0a50d911c0384ef8fe266d.cnf.xz,1514152,9bd7ebb6a39dcfd8ed5a5649d6a3202eb9c1cdd97e36ad3e60a54d2fd5f69dbb,a0650424ce33517e,tchinda,school-timetabling,unknown
a12724cd650667c540a20184e36cfc44,benchmarks/sat/satcomp2026-main/instances/016-34d9deba518daef3-a12724cd650667c540a20184e36cfc44.cnf.xz,1454460,b623794793e85359516fa047526ee6211f06b09796fc4f19be67f0a2bc03cc1c,34d9deba518daef3,tchinda,school-timetabling,unknown
13b88894b3a05606c1cec9df62236fd9,benchmarks/sat/satcomp2026-main/instances/017-44ed677779fae55a-13b88894b3a05606c1cec9df62236fd9.cnf.xz,1334632,e1fa282c1fc363a6a25704ceb9808ace168dd486fe5852fd3cfd84c1e219797a,44ed677779fae55a,tchinda,school-timetabling,unknown
d89fc3e9c24e0383e940464f4704657e,benchmarks/sat/satcomp2026-main/instances/018-8baf1eefe3666d23-d89fc3e9c24e0383e940464f4704657e.cnf.xz,1163092,57e490b25d23beef50f3b1e562bbdc8e82f6187f5815e7c633f852d09c44fc0a,8baf1eefe3666d23,tchinda,school-timetabling,sat
4e5a070f471ede30b1929d9c518f51a1,benchmarks/sat/satcomp2026-main/instances/019-68e9cda4050e5844-4e5a070f471ede30b1929d9c518f51a1.cnf.xz,1475928,14b78f9e2d03b4cf8482119effc2b4cecd1f9dc62e651c5c3c69a252303e3a32,68e9cda4050e5844,tchinda,school-timetabling,unknown
95931bb010dba306e24c79c120044ff9,benchmarks/sat/satcomp2026-main/instances/020-c9465891eadd1c41-95931bb010dba306e24c79c120044ff9.cnf.xz,1375628,61295547bdb4559ab791b8463aac03736bb475e4461647aa9bce855ad369e6d3,c9465891eadd1c41,tchinda,school-timetabling,sat
8e62c5d47920ffe36052f86177403e70,benchmarks/sat/satcomp2026-main/instances/021-68f71bd9e399f5d3-8e62c5d47920ffe36052f86177403e70.cnf.xz,1148912,4f75b5248b8351136c9ca8028b1244c96e63010ff5b005d7323b89ccb7d28903,68f71bd9e399f5d3,tchinda,school-timetabling,sat
9f1cb42232335f84435126b5ae0fb701,benchmarks/sat/satcomp2026-main/instances/022-20960120cf6efd29-9f1cb42232335f84435126b5ae0fb701.cnf.xz,1356380,d8c9b47753b968ecee7146a5280dc682d27f669b5a697ee1d7c5175ed144d68c,20960120cf6efd29,tchinda,school-timetabling,sat
24bde22f729a988fb2394b644cb60d39,benchmarks/sat/satcomp2026-main/instances/023-0e86c035c57c844d-24bde22f729a988fb2394b644cb60d39.cnf.xz,1540072,94849afe4932ad93f37d2d06870036a8a065d2b440462cf5581f8ed80475f2dc,0e86c035c57c844d,tchinda,school-timetabling,sat
fae6cf26f3da1e7d8fc4926a9ca86b61,benchmarks/sat/satcomp2026-main/instances/024-42bec6cb30b53711-fae6cf26f3da1e7d8fc4926a9ca86b61.cnf.xz,1405700,198dfe3faef112b235d19971e47d0c2efd1e300e5dcc44a6add4b0e00e809c8c,42bec6cb30b53711,tchinda,school-timetabling,sat
e9f6eb5654365bb115e6d96405ea9a76,benchmarks/sat/satcomp2026-main/instances/025-1e934ec0ab405721-e9f6eb5654365bb115e6d96405ea9a76.cnf.xz,27572956,2dcc35554967fe3d2f6a121c31086603f3667daca7f9c1fe0a266fe6c51b1575,1e934ec0ab405721,hang,argumentation,sat
61070b0ca909f70d104c41ba2e18ebc4,benchmarks/sat/satcomp2026-main/instances/026-1b999bde6d6e68bf-61070b0ca909f70d104c41ba2e18ebc4.cnf.xz,330048,311250763b16bb8a6942f335f7a083b27c0ba590faf92d7e4e086d85e5475d41,1b999bde6d6e68bf,hang,argumentation,unknown
465c7f101b2d24de63f6a6f544faa9ee,benchmarks/sat/satcomp2026-main/instances/027-0f0c9fb44b834667-465c7f101b2d24de63f6a6f544faa9ee.cnf.xz,27865276,18110129fc6a6637fdbfe76904def19679a7edc26539067cce538a021a62f9b3,0f0c9fb44b834667,hang,argumentation,sat
f788ba6dd26cdc70f890422d54c875f3,benchmarks/sat/satcomp2026-main/instances/028-eaa17c605f5ff609-f788ba6dd26cdc70f890422d54c875f3.cnf.xz,27514668,7ee71af4fdb2977e2694ad91eebb917da4d9e25b00e492c9d56c61c9fa6dad7a,eaa17c605f5ff609,hang,argumentation,unknown
bee9b6cc37c70a5fb70d0e73b4cc8163,benchmarks/sat/satcomp2026-main/instances/029-42e6df01c350381f-bee9b6cc37c70a5fb70d0e73b4cc8163.cnf.xz,103940,e043464eac0232053bd11812bc29ded662ed3c9e25e97dbbd8098647a9fc1c57,42e6df01c350381f,hang,argumentation,unknown
f569dc48ad062a3110ff08a8d59e59ab,benchmarks/sat/satcomp2026-main/instances/030-2b31bbb3ff600a92-f569dc48ad062a3110ff08a8d59e59ab.cnf.xz,6967036,25da764610dc79ac7331bedd4de50cbe6faf8503c605727abc1e9219c0dc0451,2b31bbb3ff600a92,hang,argumentation,sat
69ed23c545d2a48f735f2187d919a5dd,benchmarks/sat/satcomp2026-main/instances/031-96c0830fdd449074-69ed23c545d2a48f735f2187d919a5dd.cnf.xz,27516376,6774523de2301915681dca5ea5c50dfc1f03b85840e53fa57adfef7242ce620b,96c0830fdd449074,hang,argumentation,sat
00d5a43a481477fa4d56a2ce152a6cfb,benchmarks/sat/satcomp2026-main/instances/032-57d3dd6281a5c5d7-00d5a43a481477fa4d56a2ce152a6cfb.cnf.xz,229588,5516ab2104fa98ba89fbb512f2bc5adf24f95ead37e82482be595c2c8c1114c2,57d3dd6281a5c5d7,hang,argumentation,unknown
674affb219c049cdbff1b65a6b7bedcc,benchmarks/sat/satcomp2026-main/instances/033-8c3ec4f65a59a625-674affb219c049cdbff1b65a6b7bedcc.cnf.xz,27529388,12327492e3d2d4e1af569ed4e84aefd43c81cc14bf776a39687266cd84d245e8,8c3ec4f65a59a625,hang,argumentation,sat
1e87463fee15de63143796fd92d88a58,benchmarks/sat/satcomp2026-main/instances/034-4c4bf672cb4ec648-1e87463fee15de63143796fd92d88a58.cnf.xz,27869852,fbefea5e076513d87fcc0c19494eb025fc89fc90250128ef2001764995aa9f44,4c4bf672cb4ec648,hang,argumentation,sat
e95e284c3a0e7ba69f480af696b2d174,benchmarks/sat/satcomp2026-main/instances/035-d343f7a00138c670-e95e284c3a0e7ba69f480af696b2d174.cnf.xz,254160,f4e96b96db78f8bc4680ce629e26e26377e8e7180d395f760c84905e35a2daa1,d343f7a00138c670,hang,argumentation,unknown
2241a1fb5bdbac0c1a3c1980ed8b332d,benchmarks/sat/satcomp2026-main/instances/036-d81f393e09f310bb-2241a1fb5bdbac0c1a3c1980ed8b332d.cnf.xz,2177316,7d67dcf443997b8fb218151f01593e47e6ad8b0a7d4f91dd7524ac7a7bcef5be,d81f393e09f310bb,hang,argumentation,sat
ee602653c2d68022c715b01e63b727e5,benchmarks/sat/satcomp2026-main/instances/037-c0d03a3416f5fd76-ee602653c2d68022c715b01e63b727e5.cnf.xz,2148396,41720980c3185451ae475d0b6c323f296f18c37ec1f56977c0f1fb3b5733e442,c0d03a3416f5fd76,schreiber,mechanical-master-key,unknown
96977e8e00a3728097861502a449e343,benchmarks/sat/satcomp2026-main/instances/038-1d2f3a9c67fb6da1-96977e8e00a3728097861502a449e343.cnf.xz,12832,31b74772b628cdc1156a7b19bef51ec94dc516ee9eea8a035712c86fbf61e659,1d2f3a9c67fb6da1,schreiber,mechanical-master-key,unsat
b99ba7e9113280393c64863dfbfa2c3b,benchmarks/sat/satcomp2026-main/instances/039-3242fafd6c12038c-b99ba7e9113280393c64863dfbfa2c3b.cnf.xz,15064,fbe7392e99093a55a749e443c3214d0eec163e1a418e141255926c3fb676a7ba,3242fafd6c12038c,schreiber,mechanical-master-key,unsat
395829127ec213c2e69a6a13dda3623b,benchmarks/sat/satcomp2026-main/instances/040-d3e1d336e95848fe-395829127ec213c2e69a6a13dda3623b.cnf.xz,55956,ccd1a21856918002efcaeda99966a61f8967eb1166b65daae3c68d23bcefd4aa,d3e1d336e95848fe,schreiber,mechanical-master-key,unknown
fe9b9a35531e13dab41307e569386dab,benchmarks/sat/satcomp2026-main/instances/041-2e15dab244a3d57e-fe9b9a35531e13dab41307e569386dab.cnf.xz,3707176,0f1c5f7b89b52a0b2b1d2421793e5502302b2e05c95c7bb5ee381e8a02264915,2e15dab244a3d57e,schreiber,mechanical-master-key,unknown
d2af3fde615d7c4d4a4574fc8839970e,benchmarks/sat/satcomp2026-main/instances/042-b9b17b4d2b688042-d2af3fde615d7c4d4a4574fc8839970e.cnf.xz,2891548,6468a16278ba39e605bad1472fc3b6e2f4f18f0ec66dd8252f1e7e92b99da685,b9b17b4d2b688042,schreiber,mechanical-master-key,sat
5321e066293f3e315d84fb46e6a31a1a,benchmarks/sat/satcomp2026-main/instances/043-9da7d61085cc2c63-5321e066293f3e315d84fb46e6a31a1a.cnf.xz,11556,9d2ebb8777fccaabd6114da5729b070fdbff136f05b18e4802324e347183f4f5,9da7d61085cc2c63,schreiber,mechanical-master-key,unknown
dbb42e010bed2259e4e27bc43e4d86c6,benchmarks/sat/satcomp2026-main/instances/044-4eb016d8fe59b01b-dbb42e010bed2259e4e27bc43e4d86c6.cnf.xz,11356,bc80e58d8b3f0cad7c2553ada269639afef339767f08a13518258a06bb63073e,4eb016d8fe59b01b,schreiber,mechanical-master-key,unsat
a1121f9e7bb4a8b43b523034c7fcc739,benchmarks/sat/satcomp2026-main/instances/045-3b62ec7f97111628-a1121f9e7bb4a8b43b523034c7fcc739.cnf.xz,5315520,354e825fa0f1fb1ce4bb2d9a9349951cd89acde1f7ac4f3e78c22e8b7227efba,3b62ec7f97111628,schreiber,mechanical-master-key,unknown
3cda1cbfbcabfc71ece7961d4d6ad1bb,benchmarks/sat/satcomp2026-main/instances/046-35eadb6f617eb81a-3cda1cbfbcabfc71ece7961d4d6ad1bb.cnf.xz,56936,001e2ae6f1387e3c274d7b24aa9020fc4105eb6adaeaf476df61699b8e7fdd61,35eadb6f617eb81a,schreiber,mechanical-master-key,sat
5d62e4d7ab116c477c8d4f5bd36907de,benchmarks/sat/satcomp2026-main/instances/047-7f56d4630b5788ac-5d62e4d7ab116c477c8d4f5bd36907de.cnf.xz,55824,051df2e91e51104ee66955b0fddada53d9e8f562270ff8957265b8bd2cf1d597,7f56d4630b5788ac,schreiber,mechanical-master-key,unknown
9c499a4d1fd042320ccc64a4413ae492,benchmarks/sat/satcomp2026-main/instances/048-33d645e913ed66d2-9c499a4d1fd042320ccc64a4413ae492.cnf.xz,13416,71572d3dfc63e79628c4339c5b4752ff09ae0e61b37599d3c613114d99f009cb,33d645e913ed66d2,schreiber,mechanical-master-key,unknown
c4318c6a97bce326fdcc6b44a5fe1353,benchmarks/sat/satcomp2026-main/instances/049-207b6637451c06f9-c4318c6a97bce326fdcc6b44a5fe1353.cnf.xz,208460,fa979357ce253657b717fb8519b07374cf73f7cd01c31c845b919719a42d431f,207b6637451c06f9,qian,belpyramid-puzzle,unknown
3197b65ef50328394a0c9e73281d7122,benchmarks/sat/satcomp2026-main/instances/050-3797cd4e1a4fe722-3197b65ef50328394a0c9e73281d7122.cnf.xz,174992,b43a0a2df4fadc3811458452ebfb558f68ff11411c7a7cab26538135d453f317,3797cd4e1a4fe722,qian,belpyramid-puzzle,unsat
5246b7b99ba005af421d86299f7d26d0,benchmarks/sat/satcomp2026-main/instances/051-962ad842e7a2f8bd-5246b7b99ba005af421d86299f7d26d0.cnf.xz,153228,99dec24bd9bc4a14e760e833f9e8b5c714e2c0f4679d65ad3d3a68d4f7be8722,962ad842e7a2f8bd,qian,belpyramid-puzzle,unsat
9bcc9952482bd8811663c79b3e64c12d,benchmarks/sat/satcomp2026-main/instances/052-0c08948617227311-9bcc9952482bd8811663c79b3e64c12d.cnf.xz,62856,f11bf5a73d763e18170ea67105f6f816050d1b1153d284d9592a832684d1692c,0c08948617227311,qian,belpyramid-puzzle,unknown
a7e7d0f855781da215aed50e523a821c,benchmarks/sat/satcomp2026-main/instances/053-e1f82ffc8dccf12b-a7e7d0f855781da215aed50e523a821c.cnf.xz,268624,93acd44b6ad942156eee651c936d193f3a08828ee25f7f176d0f56b956d9b96c,e1f82ffc8dccf12b,qian,belpyramid-puzzle,unsat
5c24cfeff639fefdead9a5641f65fa22,benchmarks/sat/satcomp2026-main/instances/054-a416ace703cecf6d-5c24cfeff639fefdead9a5641f65fa22.cnf.xz,31088,d595b9bbd41b55a74a137f0e328d119dfb47bd3c51f8659c5d69f3edcf8e5ff8,a416ace703cecf6d,qian,belpyramid-puzzle,unsat
5ff5e9d5aab95667d3d2bd50e1e6792a,benchmarks/sat/satcomp2026-main/instances/055-458e05e6ce23e251-5ff5e9d5aab95667d3d2bd50e1e6792a.cnf.xz,211420,e66fecc46355a892b6b604082d52d7cb2726ceb6d8f1997fc9874115a93d8feb,458e05e6ce23e251,qian,belpyramid-puzzle,unsat
09cd83e233380d0ba1fc56cee88367b1,benchmarks/sat/satcomp2026-main/instances/056-7a2662165680eed3-09cd83e233380d0ba1fc56cee88367b1.cnf.xz,146132,03d81a900d1f6481daec12e2539de6139cc1579d7fab571ceac02ec68f8b6e99,7a2662165680eed3,qian,belpyramid-puzzle,unsat
0a4880c0e882e6a4a31943522573c394,benchmarks/sat/satcomp2026-main/instances/057-80d501fed8d975d6-0a4880c0e882e6a4a31943522573c394.cnf.xz,2792552,1ddcff26a1f5b1fa0723a2c6c9fd27650d0c46f687ef982330ed2f78087506db,80d501fed8d975d6,qian,belpyramid-puzzle,unsat
6357e6b60a5b867ec474f12461c07841,benchmarks/sat/satcomp2026-main/instances/058-c556f235f268e1eb-6357e6b60a5b867ec474f12461c07841.cnf.xz,18436,e7cc6594aaf30bc3e13381a9c2b1cf3dc62ee9a5f036b4deca7f96febf08f859,c556f235f268e1eb,qian,belpyramid-puzzle,unknown
93c81788bbaaa867d9ed24b9ae47ad54,benchmarks/sat/satcomp2026-main/instances/059-09053f4d393e2143-93c81788bbaaa867d9ed24b9ae47ad54.cnf.xz,30180,83e7432175ca65b1f04b63dc5542e27157de745192b33b4cd4fb3836a18c2cf9,09053f4d393e2143,qian,belpyramid-puzzle,unknown
6ecbb870f047949c9e1fc8e11e0560d3,benchmarks/sat/satcomp2026-main/instances/060-125ce9616382253c-6ecbb870f047949c9e1fc8e11e0560d3.cnf.xz,2862184,59dd568a8ff19e39e93daef203d652731d841892bd0ed732285ddc1d710c763b,125ce9616382253c,qian,belpyramid-puzzle,unknown
1c3e1ff0754c99c295634ccbd2ea9eab,benchmarks/sat/satcomp2026-main/instances/061-c6410649d713f3fd-1c3e1ff0754c99c295634ccbd2ea9eab.cnf.xz,4261728,f96a979266e8de1122f16624a33158e2c70607a95907f11ca32e2b8963be68aa,c6410649d713f3fd,zhenwei,equivalence-checking,unknown
a2cfd5d8309635211256bc10d5494b95,benchmarks/sat/satcomp2026-main/instances/062-efd655ee9a76bea4-a2cfd5d8309635211256bc10d5494b95.cnf.xz,4269752,7427e9cdb0711c6c17988c75163bc855d9e110c0e1ca7495f6507cbd9017e7b3,efd655ee9a76bea4,zhenwei,equivalence-checking,unknown
d99fd10afec0eea1a41a429936bfef59,benchmarks/sat/satcomp2026-main/instances/063-ebb5ee9511ce28ac-d99fd10afec0eea1a41a429936bfef59.cnf.xz,4265408,3b66d9b2bbbd453df37cb381134333de8bfcd0a8539224eb7272e1d50540b8dd,ebb5ee9511ce28ac,zhenwei,equivalence-checking,unsat
580ce99d977a40dec3bd2d3e453ee6a6,benchmarks/sat/satcomp2026-main/instances/064-3dd902aab5c8796f-580ce99d977a40dec3bd2d3e453ee6a6.cnf.xz,4265640,7938215f31ef1a67c8a15700126111cd07d02c596e5658c5b28005a9d92d4132,3dd902aab5c8796f,zhenwei,equivalence-checking,unknown
e7bc93e0a80a3d2350c6aa669ffd0c0b,benchmarks/sat/satcomp2026-main/instances/065-cdc7ba56ced19592-e7bc93e0a80a3d2350c6aa669ffd0c0b.cnf.xz,4256240,a4e6d04e283297b4fcd2cc077011a4535984e2bcaa07ed41f7ae0f157d4f39f3,cdc7ba56ced19592,zhenwei,equivalence-checking,unknown
d839601ab519549e507de27b868fa48b,benchmarks/sat/satcomp2026-main/instances/066-99dada3119f4b23b-d839601ab519549e507de27b868fa48b.cnf.xz,4259332,f14ae7dd676737405100eb576f1d49f02cc7c7cd2c9ab96c3ffebd017d154934,99dada3119f4b23b,zhenwei,equivalence-checking,unsat
5314fd6ccb53b6f6af49a594ea68a273,benchmarks/sat/satcomp2026-main/instances/067-c5f67baa4764e193-5314fd6ccb53b6f6af49a594ea68a273.cnf.xz,4260628,51907671051cdecfab72b2c27d8cfc767b926a6203e58771251fc0fe06d22c6a,c5f67baa4764e193,zhenwei,equivalence-checking,unsat
231d8a86e0cffd7dfa6503d5240dbf61,benchmarks/sat/satcomp2026-main/instances/068-abb5a51f9ea39cd9-231d8a86e0cffd7dfa6503d5240dbf61.cnf.xz,4261568,7c4d11890c43a61db83b764897cc670ebdbb5b3cb29b8b649edde89bea69b40f,abb5a51f9ea39cd9,zhenwei,equivalence-checking,unknown
28eeb2beac7005a9afa98e4d3aaca621,benchmarks/sat/satcomp2026-main/instances/069-85885d1b002a0a70-28eeb2beac7005a9afa98e4d3aaca621.cnf.xz,4255900,b593364c559acab10fed9546371efe2f96683fd2c21021439dc340d6fa1ea85c,85885d1b002a0a70,zhenwei,equivalence-checking,unsat
8e4d470f9b2161486466bd3d61f9853f,benchmarks/sat/satcomp2026-main/instances/070-96c2b377ff250d70-8e4d470f9b2161486466bd3d61f9853f.cnf.xz,4256664,41b4eef231f36be6edc593dc40a4f36897137421779e06bf11f463d1968c4609,96c2b377ff250d70,zhenwei,equivalence-checking,unknown
3bef69e3960b0f4cfd7d686c527c5629,benchmarks/sat/satcomp2026-main/instances/071-8b3028302066d09c-3bef69e3960b0f4cfd7d686c527c5629.cnf.xz,4262784,42e29821e3af22fc83f99949e6b7fd15e991b5d8c581957fd55f7900c7cb81db,8b3028302066d09c,zhenwei,equivalence-checking,unknown
3c129545f090ef08b6ef89a2903ff83e,benchmarks/sat/satcomp2026-main/instances/072-d566db39dda75e88-3c129545f090ef08b6ef89a2903ff83e.cnf.xz,4259652,301f31677544b8d4b6552752934815eb20a7483521d900c7c091f4c1eb527970,d566db39dda75e88,zhenwei,equivalence-checking,unsat
85f98be48fd9ba748d60656025fff893,benchmarks/sat/satcomp2026-main/instances/073-decf7d67f50f80b7-85f98be48fd9ba748d60656025fff893.cnf.xz,8714824,1f1c90d27d2d28890b9012fb88b2d6b0453526134c804bf5ead0f73f89770923,decf7d67f50f80b7,biere,multiplier-verification,unknown
03e852aa864cfe6eb49c264b462b8157,benchmarks/sat/satcomp2026-main/instances/074-4b4b99b81a635226-03e852aa864cfe6eb49c264b462b8157.cnf.xz,741552,5969d24076703426a60e0fced9b3b757a572a9d62f668e976960852aa40dcbc6,4b4b99b81a635226,biere,multiplier-verification,unsat
ca4e28361d0eb0d4094f9ff430da7c7f,benchmarks/sat/satcomp2026-main/instances/075-cdd9b36ec66d57fb-ca4e28361d0eb0d4094f9ff430da7c7f.cnf.xz,6898004,7f07ab380bacd9e5e6bcb048ea22a2df996cd5858191ee73e98255cd060a1d34,cdd9b36ec66d57fb,biere,multiplier-verification,unknown
8ec187e8e704d829d5b9294851506416,benchmarks/sat/satcomp2026-main/instances/076-c61ab20f972a9459-8ec187e8e704d829d5b9294851506416.cnf.xz,34088656,0ba22a41d8b5602bb92555538d66e654a1712fae77f289022324ea03a8c50b54,c61ab20f972a9459,biere,multiplier-verification,unknown
3ec81fcaac5a1da8a6ca4da0b9d8eb02,benchmarks/sat/satcomp2026-main/instances/077-91765c229d0249a9-3ec81fcaac5a1da8a6ca4da0b9d8eb02.cnf.xz,774476,104a39c466be32edb518ecaaebde3548db372a3857b3987191c2c46ab0763214,91765c229d0249a9,biere,multiplier-verification,unsat
2f1f0b9a8e93b42a2c680e495653a722,benchmarks/sat/satcomp2026-main/instances/078-7d08f27ae88ca7e9-2f1f0b9a8e93b42a2c680e495653a722.cnf.xz,4983572,5cca799aa9453e13dec07dd78258387312e059a899623a3ab924aebb7881ec6f,7d08f27ae88ca7e9,biere,multiplier-verification,unknown
a70883771fd1c210d94a916d52510a3a,benchmarks/sat/satcomp2026-main/instances/079-170b2455ac64f682-a70883771fd1c210d94a916d52510a3a.cnf.xz,1167496,5cf2f0ba1208cf01a14cb3fd214866c99b116c7b7b61c7885ee61e6988d1e280,170b2455ac64f682,biere,multiplier-verification,unsat
10915210aaf2c0e9c70e3c66c0a696f2,benchmarks/sat/satcomp2026-main/instances/080-58fbb580cda08353-10915210aaf2c0e9c70e3c66c0a696f2.cnf.xz,1760212,b7e24bbf786103e8612d52963c0c007b84a91b57c2be4bff0393ed07bbb1fe53,58fbb580cda08353,biere,multiplier-verification,unknown
9e4b70217264246126a1d2caefccbd9a,benchmarks/sat/satcomp2026-main/instances/081-93c4222ea10627df-9e4b70217264246126a1d2caefccbd9a.cnf.xz,2526488,ca8099bacbc57df64a871ea5ef503d2371ba578958156b490918a0b2675ad7cc,93c4222ea10627df,biere,multiplier-verification,unknown
e6f783e8c683b3c4eb9c882c07fe7564,benchmarks/sat/satcomp2026-main/instances/082-6789a7f64576640b-e6f783e8c683b3c4eb9c882c07fe7564.cnf.xz,7761836,62023ad1d9e00ba8f1200fbe70cf72fe082b4cbc949082311292cada5b3e8cef,6789a7f64576640b,biere,multiplier-verification,unknown
53156b2b0324029e55d9a4a2f3b48df0,benchmarks/sat/satcomp2026-main/instances/083-fe11d6d1121db465-53156b2b0324029e55d9a4a2f3b48df0.cnf.xz,413792,8b3767399f047fd632b208eacf1a18370f313765d313ddd1e39dcf681e171a73,fe11d6d1121db465,biere,multiplier-verification,unknown
d25b0a5ed1f0f77d2d118ae8938f4f9b,benchmarks/sat/satcomp2026-main/instances/084-fdaf893260a66aaf-d25b0a5ed1f0f77d2d118ae8938f4f9b.cnf.xz,4612660,fcfb0ae217b5f54e174c836e6259d9ff082b74590c4be338886ac4f9c0e2a17e,fdaf893260a66aaf,biere,multiplier-verification,unknown
3bfa92996634d2ddc6c0568bba9a0f99,benchmarks/sat/satcomp2026-main/instances/085-d6757ba94fd97218-3bfa92996634d2ddc6c0568bba9a0f99.cnf.xz,10708,b1126cbeac52353c819ad52f0e3d287932978256b60ced9f5ff2f51295084147,d6757ba94fd97218,xu,unknown-cases,sat
416e33a8463911546e4cd87d282a7e1e,benchmarks/sat/satcomp2026-main/instances/086-eb70d69237645fa5-416e33a8463911546e4cd87d282a7e1e.cnf.xz,10764,a7239dc5ef6512d1409648a0d6388f753a77d6459c1ea6068cda861af3cb4322,eb70d69237645fa5,xu,unknown-cases,sat
b072f15affb2ce75766aa0b2d0e8f470,benchmarks/sat/satcomp2026-main/instances/087-d6e2e9e4d7cb17d6-b072f15affb2ce75766aa0b2d0e8f470.cnf.xz,8236,0964b6cbbc3285d1c1c5c355f244e4142573c92f603bde145c486e3af7089c8f,d6e2e9e4d7cb17d6,xu,unknown-cases,unknown
d3d6f5d1ab8caaa011691953898c9cd9,benchmarks/sat/satcomp2026-main/instances/088-ce376f78acaabe31-d3d6f5d1ab8caaa011691953898c9cd9.cnf.xz,225488,6f436c28adac7cc40c393913fbdfad9f884eabfb9b444e57f58b51995ff78bf3,ce376f78acaabe31,xu,unknown-cases,unknown
c23c511553deb4d4ba41d1d4b28443f0,benchmarks/sat/satcomp2026-main/instances/089-8fc06171de552dd7-c23c511553deb4d4ba41d1d4b28443f0.cnf.xz,2777752,46167a1bb06917cc0b1aaadfb1805f6b9c7f0a1c983b52d683472b3b2ff310db,8fc06171de552dd7,xu,unknown-cases,unknown
44e74c255861443fa4dfbad587af5afb,benchmarks/sat/satcomp2026-main/instances/090-e4f2f7841ed8a8f0-44e74c255861443fa4dfbad587af5afb.cnf.xz,1698044,ebdd1aa935647dc3173745e42548becdc3df08f74daa07c8f4ee972b3a83e782,e4f2f7841ed8a8f0,xu,unknown-cases,unknown
5c8f4e54e195d46053b04e232a5661c4,benchmarks/sat/satcomp2026-main/instances/091-1728af0559cc23bc-5c8f4e54e195d46053b04e232a5661c4.cnf.xz,10680,22d37de46ea3c74ef5a9a11637226b7be142fbfeb5c85fb2ef8ede6db74df596,1728af0559cc23bc,xu,unknown-cases,sat
4e3195a382f5af213444736fcc8b364f,benchmarks/sat/satcomp2026-main/instances/092-5e89106699b0846e-4e3195a382f5af213444736fcc8b364f.cnf.xz,1345108,bacce32c8fcf7863633f694228258bb8cb486a2ecf3710ca5ccc37a948b1e240,5e89106699b0846e,xu,unknown-cases,sat
2de9b79919882078aea76f297fc923e5,benchmarks/sat/satcomp2026-main/instances/093-b8e989b679cfed1e-2de9b79919882078aea76f297fc923e5.cnf.xz,72304,e9db954291b89b857298d83e823d0054c7326e4e3972a0ce12e03938bd51289b,b8e989b679cfed1e,xu,unknown-cases,sat
87926f9438d9924b3b48929a4ed99609,benchmarks/sat/satcomp2026-main/instances/094-2b0e15720a481549-87926f9438d9924b3b48929a4ed99609.cnf.xz,53360,a4bb87e10645b598f35125ebb45530bca786f89bc59285546ff9a4899593a349,2b0e15720a481549,xu,unknown-cases,unknown
fab2022deb130fe3ad1136a5c71b4109,benchmarks/sat/satcomp2026-main/instances/095-e216459217ea9f5e-fab2022deb130fe3ad1136a5c71b4109.cnf.xz,8940,7e2c4b0663a5c0581fde197e1a9cc9d22a6dabdd2b3fee5d5fe3838bd360b7b9,e216459217ea9f5e,xu,unknown-cases,sat
77bfac6b280653e63013f77d0991484e,benchmarks/sat/satcomp2026-main/instances/096-5f41a879bf97e48f-77bfac6b280653e63013f77d0991484e.cnf.xz,34453384,53bc1f769fdca7e57f00de3a46dd2d1b596ee19d28eb8413dc5482f8510b8b3f,5f41a879bf97e48f,xu,unknown-cases,sat
f1c6af11e7776e890c2f99b5dbd3f091,benchmarks/sat/satcomp2026-main/instances/097-bce7d6391da6ebac-f1c6af11e7776e890c2f99b5dbd3f091.cnf.xz,65912,de09b0dc55bdeb3c349c4b1ab3c159751b8825cc53404a3b4b6d79195c056e6e,bce7d6391da6ebac,reeves,scheduling,unknown
c05d4d3ecd06a2e3942fea09159dd27b,benchmarks/sat/satcomp2026-main/instances/098-8e1251a67802e363-c05d4d3ecd06a2e3942fea09159dd27b.cnf.xz,111032,0c448500036cf2525bce3ced22552a8ab0c15d4d100b290cd3774399c591f939,8e1251a67802e363,reeves,scheduling,unknown
e44a8781cf3ed03300d39277413396dc,benchmarks/sat/satcomp2026-main/instances/099-57e405ccb7aa3c4e-e44a8781cf3ed03300d39277413396dc.cnf.xz,40764,434215bca432f4146d46bd64e76b3e19939c6fc01574f9d41c6091807295f0b8,57e405ccb7aa3c4e,reeves,scheduling,unknown
cb66276897e4d1ff1368a4430598e11c,benchmarks/sat/satcomp2026-main/instances/100-d081a90ea3967c21-cb66276897e4d1ff1368a4430598e11c.cnf.xz,34988,ad34e233c24b679813117ef68994657cf3591a09dafbf69856af32f3c429c9c6,d081a90ea3967c21,reeves,scheduling,unknown
822cf4daaa4e1d16ad53d088ff567f32,benchmarks/sat/satcomp2026-main/instances/101-f08d767a4cd53e44-822cf4daaa4e1d16ad53d088ff567f32.cnf.xz,26472,821b44883639c7025145b7be7763d45db01938d99da20a2eccc56432184e83b0,f08d767a4cd53e44,reeves,scheduling,unknown
a09eb02bbaa7a0ae171123a782c2164d,benchmarks/sat/satcomp2026-main/instances/102-5c29abb6a640a8fd-a09eb02bbaa7a0ae171123a782c2164d.cnf.xz,50484,fb15d6eecd2de145907d5d28626c2ab46ff1860761d93b79ffdc3b7e35a1df19,5c29abb6a640a8fd,reeves,scheduling,unknown
12820b981e6b199a1b1a8c896386a337,benchmarks/sat/satcomp2026-main/instances/103-7b1adc3f87d39e33-12820b981e6b199a1b1a8c896386a337.cnf.xz,33340,f2a70ed11f102dfe3c3c61adff685f22ca77793c9b98b7826181e3d4f49f30b9,7b1adc3f87d39e33,reeves,scheduling,unknown
6cb995b1c550beb579c53e27f6ca881a,benchmarks/sat/satcomp2026-main/instances/104-5e53b18522fc0404-6cb995b1c550beb579c53e27f6ca881a.cnf.xz,30044,00159c2a2bed40e5dd23d9cd652d42f506c3c02264a138c2c7c1ed1d542d8d51,5e53b18522fc0404,reeves,scheduling,unknown
6f6a20cd654701b5e7fe9e9e0e5e7787,benchmarks/sat/satcomp2026-main/instances/105-bbeffc1060c94d1e-6f6a20cd654701b5e7fe9e9e0e5e7787.cnf.xz,44036,42e29a2523a89bc1304e5f9158ce1bcd0961565bb1016a3abd2281be1a97a670,bbeffc1060c94d1e,reeves,scheduling,unknown
908433870bee8ba2c86f266d0b002fdb,benchmarks/sat/satcomp2026-main/instances/106-080bb71bf6d088b9-908433870bee8ba2c86f266d0b002fdb.cnf.xz,207536,2ccccfb5fc1025254837ffa726dcd33bf310146124312bde8f6ac71f2dce243d,080bb71bf6d088b9,reeves,scheduling,unknown
bf6a49b7bec5f8f6a200485dc938b224,benchmarks/sat/satcomp2026-main/instances/107-9df60ed5a744e8e6-bf6a49b7bec5f8f6a200485dc938b224.cnf.xz,81924,b95111aa13707bb55e697781680567a3694c5cc9aa2e9df81f765f74a3235e79,9df60ed5a744e8e6,reeves,scheduling,unknown
a07a2796a8a61336b748ce7f615aae18,benchmarks/sat/satcomp2026-main/instances/108-590b6bb814be0388-a07a2796a8a61336b748ce7f615aae18.cnf.xz,277988,ecbbeabd59fccb21958ad7f58ee5cd038d69983132e351e87da4dd9900ae3c80,590b6bb814be0388,reeves,scheduling,unknown
110f8eb8b9b80204fe955ea0973bbb00,benchmarks/sat/satcomp2026-main/instances/109-be3de6f9ba113e56-110f8eb8b9b80204fe955ea0973bbb00.cnf.xz,18288,fcda61076695cc9f09fd4dd1ba302ddb72bd6fab04d29612c04d4c5bc6be4fea,be3de6f9ba113e56,anders,clique-coloring,unknown
46957a77b3d47b71a829902999b06231,benchmarks/sat/satcomp2026-main/instances/110-62ef31d2570e3ca5-46957a77b3d47b71a829902999b06231.cnf.xz,21672,5d6c2338df1d464fbadf582f362f5ab0faa0e72c04a3a3e34fcde7b0c302b195,62ef31d2570e3ca5,anders,clique-coloring,unknown
80d8c77f6cab179d469462221f3f624a,benchmarks/sat/satcomp2026-main/instances/111-8099b16a823e0941-80d8c77f6cab179d469462221f3f624a.cnf.xz,38760,e7f677d8f87763e61d84958271639a8ed78e1e50814ba0b4a94e0807346a5c30,8099b16a823e0941,anders,clique-coloring,unknown
5f72c14007f6e5230f18788490c164de,benchmarks/sat/satcomp2026-main/instances/112-5a729b09e09ae3cf-5f72c14007f6e5230f18788490c164de.cnf.xz,23372,1049b4bd94432442f3df1197a753cc9e51f8535659f1488292a2edd38f3ee48a,5a729b09e09ae3cf,anders,clique-coloring,unknown
f953031464e1a23e04d1bb40fa4e504a,benchmarks/sat/satcomp2026-main/instances/113-d56c198057ff4e84-f953031464e1a23e04d1bb40fa4e504a.cnf.xz,72652,253d371ade69e1214c21d65c4e184bc240590d67c10203d6282f1d0f1f07f97e,d56c198057ff4e84,anders,clique-coloring,unknown
5d06225b27017e9a703f10cb577cf3bf,benchmarks/sat/satcomp2026-main/instances/114-458833a5597f1ef3-5d06225b27017e9a703f10cb577cf3bf.cnf.xz,16172,00d23077628c39109e8d0f61f04813b13f5165c89e7d1646fc401f88559ca622,458833a5597f1ef3,anders,clique-coloring,unknown
ea37a677b357328c1641ef2f6087bf66,benchmarks/sat/satcomp2026-main/instances/115-f5c409a7f93f5a5e-ea37a677b357328c1641ef2f6087bf66.cnf.xz,32688,ba8b579e67b3ea24513c3471d41540edc7fc09c4fdc51d11c7138ab4ee9dfbfe,f5c409a7f93f5a5e,anders,clique-coloring,unknown
d04e3c73566e8cb6565e757223752367,benchmarks/sat/satcomp2026-main/instances/116-34cc597ec9895a57-d04e3c73566e8cb6565e757223752367.cnf.xz,57208,583726d065e4e57a643eb66c83b85a90b1894b57d7637aeba09acdbbdb82a6c0,34cc597ec9895a57,anders,clique-coloring,unknown
04648cef5bed430ab6429991fa9e107d,benchmarks/sat/satcomp2026-main/instances/117-91bbc631440802dc-04648cef5bed430ab6429991fa9e107d.cnf.xz,64980,1936e6d398bbfcff69f8f2e8db9c6aaa3331564cb9c0b19fd3758154cf054cbf,91bbc631440802dc,anders,ramsey-numbers,unknown
1b84df53843ecd90ec8c3c7a01cada6c,benchmarks/sat/satcomp2026-main/instances/118-36133bac7c711605-1b84df53843ecd90ec8c3c7a01cada6c.cnf.xz,11536,27d2a226c53e216650f48920c267fd57a6cbcf6573358f3e9b2cbcfebcf5c6e5,36133bac7c711605,anders,ramsey-numbers,unknown
6bfa50c5d4f14c16ef247b8169a187bb,benchmarks/sat/satcomp2026-main/instances/119-3b61a4be517ca681-6bfa50c5d4f14c16ef247b8169a187bb.cnf.xz,39344,ad283f5daaaf227e3c342741fe8d03e470d417b9799dab85f14900b8ca8e3b7f,3b61a4be517ca681,anders,clique-coloring,unknown
d940903e3e4d61f593e385cecb40a6f5,benchmarks/sat/satcomp2026-main/instances/120-1436cae5bd3274ca-d940903e3e4d61f593e385cecb40a6f5.cnf.xz,29112,19b72098623a87126470b78790135144d690f0691ebd5af9a9e6f93ff2ee4a3c,1436cae5bd3274ca,anders,clique-coloring,unknown
de8c42d50f1dbf43a731f1916dc6bf01,benchmarks/sat/satcomp2026-main/instances/121-f1a3be7484d93d1f-de8c42d50f1dbf43a731f1916dc6bf01.cnf.xz,28384,91ee1fd326bbb033dc11e514a3a73390676572a204f0745c75db96ac3c0611e0,f1a3be7484d93d1f,yalun,multiplier-equivalence-checking,unsat
321732c1a401ff109b2f2b447e3dbe5e,benchmarks/sat/satcomp2026-main/instances/122-ce41de5008db67a9-321732c1a401ff109b2f2b447e3dbe5e.cnf.xz,28548,9a386fb0999f2dc6d889779cf9ae82a8d7b28ec2dff6190c67c77b8d7f71f33e,ce41de5008db67a9,yalun,multiplier-equivalence-checking,unsat
8e81131a0c4fbd01e90bb6e20d00c547,benchmarks/sat/satcomp2026-main/instances/123-baff44aaa070197a-8e81131a0c4fbd01e90bb6e20d00c547.cnf.xz,24908,203c14afee32f103c558f8c09312350e03191cb6f0b58d8f3e3a318bea9bdd57,baff44aaa070197a,yalun,multiplier-equivalence-checking,unsat
fea0f926e766ccba7c7dc261084ecbd0,benchmarks/sat/satcomp2026-main/instances/124-8f7bab9f69baf78b-fea0f926e766ccba7c7dc261084ecbd0.cnf.xz,28920,52864eb2ad7089ba475a11530666bbd5ddf8623779b7eeac35698d027fd8b92a,8f7bab9f69baf78b,yalun,multiplier-equivalence-checking,unsat
989ca6ab309ca52a6ff957b6896aa03e,benchmarks/sat/satcomp2026-main/instances/125-2809000fa96385ac-989ca6ab309ca52a6ff957b6896aa03e.cnf.xz,31836,31752200dab75187bcf02889824f806e3de47cd27c162bd0a74cc785a16da8b7,2809000fa96385ac,yalun,multiplier-equivalence-checking,unsat
418b8aa42088cb0b1d85014dfa285b25,benchmarks/sat/satcomp2026-main/instances/126-144ede6bb1601ab3-418b8aa42088cb0b1d85014dfa285b25.cnf.xz,26652,e0cfd8330b440299e876286e515708824c3ca37f4f3e15e6e5866b38a342b41d,144ede6bb1601ab3,yalun,multiplier-equivalence-checking,unsat
35e041adb14f2fec241d67861882e08b,benchmarks/sat/satcomp2026-main/instances/127-46879c2961d9c825-35e041adb14f2fec241d67861882e08b.cnf.xz,27608,cbe4254567cd9037a51f9530405dabf01772bc06b4e62719c254ed1e0f3ab9dc,46879c2961d9c825,yalun,multiplier-equivalence-checking,unknown
fac2035ba83ac2d0c2d67509d3f82b94,benchmarks/sat/satcomp2026-main/instances/128-2af32cff3c179a73-fac2035ba83ac2d0c2d67509d3f82b94.cnf.xz,26152,53cefcb69e3dd9a5f21a3f9caec8d5b39c5cea61b78d5b85e5e5985ef32c4553,2af32cff3c179a73,yalun,multiplier-equivalence-checking,unknown
a932cd15aa770c7874b12476153b7df2,benchmarks/sat/satcomp2026-main/instances/129-f4b4a19fdae955d7-a932cd15aa770c7874b12476153b7df2.cnf.xz,25276,09a298cc45f926c1dfc4c9f6be38da3eb2ef1ffd620cc7c0bae97ea56979752a,f4b4a19fdae955d7,yalun,multiplier-equivalence-checking,unsat
ae9c53347ee8072745ed230992e164ee,benchmarks/sat/satcomp2026-main/instances/130-e5c357cb7a8ff7b7-ae9c53347ee8072745ed230992e164ee.cnf.xz,27536,976cdb09c6489c592eff9796d04e2be4b8c3e05f6b04a2c703fbf4e4952186b5,e5c357cb7a8ff7b7,yalun,multiplier-equivalence-checking,unsat
60e39615d3af069932865a28b1bf6330,benchmarks/sat/satcomp2026-main/instances/131-4c98ad844284d382-60e39615d3af069932865a28b1bf6330.cnf.xz,29520,fe5c00b7f75a33773fa7a10f3133544756d38b0b478d6b94cc40555e624a92de,4c98ad844284d382,yalun,multiplier-equivalence-checking,unsat
19b0af928b13dd3bf82c6e0f9aac0d61,benchmarks/sat/satcomp2026-main/instances/132-be5f2e0c9cc2f463-19b0af928b13dd3bf82c6e0f9aac0d61.cnf.xz,29332,871a3a3ed4c4c0462db297f75a3e921ad41315e3d97ebf668fc9dc5cf3a05342,be5f2e0c9cc2f463,yalun,multiplier-equivalence-checking,unknown
3b5d7ec347010e177bfa04b298fc75cf,benchmarks/sat/satcomp2026-main/instances/133-a5d39eaf787eb18d-3b5d7ec347010e177bfa04b298fc75cf.cnf.xz,1331460,3ce464fb9cf39c7818d4da76def8c5a3cdf3f6a2c270eeeb4d264873e026686d,a5d39eaf787eb18d,froleyks,hardware-model-checking,unknown
515095ffd2c9cc3577dcd5d8dd4bb229,benchmarks/sat/satcomp2026-main/instances/134-4af141af12f396bb-515095ffd2c9cc3577dcd5d8dd4bb229.cnf.xz,1002952,4754938866faedccbb83049c4d814a2130e4c86546885c1521d0cdda2d0909bf,4af141af12f396bb,froleyks,hardware-model-checking,unknown
96dea3458b5470bd6db5704a0d1e9742,benchmarks/sat/satcomp2026-main/instances/135-164ebb8a7097410e-96dea3458b5470bd6db5704a0d1e9742.cnf.xz,1008892,428d897b1705be2b7d9a4cc9b3dede46e42936a89c6f67bc9d90b564f3ebdd7c,164ebb8a7097410e,froleyks,hardware-model-checking,unsat
7bdf3e5401cc263951003b569bcd689c,benchmarks/sat/satcomp2026-main/instances/136-1060a7689a8341bd-7bdf3e5401cc263951003b569bcd689c.cnf.xz,999732,432f429adfbc5b435cf4cd23b66e1ee3ae93befda427379144eccaf639308298,1060a7689a8341bd,froleyks,hardware-model-checking,unsat
f95030882ed90244d7b91fe75dc05a7d,benchmarks/sat/satcomp2026-main/instances/137-224cac78a9273ac0-f95030882ed90244d7b91fe75dc05a7d.cnf.xz,611868,3e9dff490ad7d994a8f4ba2f957e90d217d29cb3f5e53a55c916f4a1770cb228,224cac78a9273ac0,froleyks,hardware-model-checking,unknown
fcc4c4522c54db2f1cee86fe0fff5f4a,benchmarks/sat/satcomp2026-main/instances/138-e61d29dd7a41f8aa-fcc4c4522c54db2f1cee86fe0fff5f4a.cnf.xz,10611644,45319c98b80d03990c9ccdd2a355c11025546062896846c53091336fa7e7899e,e61d29dd7a41f8aa,froleyks,hardware-model-checking,unknown
ebbda8d90dfd9b6500bf932f952907a6,benchmarks/sat/satcomp2026-main/instances/139-97865f3dbbd7dcef-ebbda8d90dfd9b6500bf932f952907a6.cnf.xz,3958544,2b14073f5c9ef60c65ee99ed603f207457004219351537f665f374466a0a0bd6,97865f3dbbd7dcef,froleyks,hardware-model-checking,unsat
df813fe752353c2cc3b9040865aecfe4,benchmarks/sat/satcomp2026-main/instances/140-9ec8c11767749bba-df813fe752353c2cc3b9040865aecfe4.cnf.xz,3694332,76f9f4561fe2e505eb1539d1138494ffa39c25ae6258688e812a5f4a8d273f89,9ec8c11767749bba,froleyks,hardware-model-checking,unsat
85d2ddd9b331d86e1cc09537f9ca1198,benchmarks/sat/satcomp2026-main/instances/141-39c18ffce490669f-85d2ddd9b331d86e1cc09537f9ca1198.cnf.xz,4872432,fdd567f684def5ff248374d8bd4ed0ae8d337ee02858218a82d901560c096761,39c18ffce490669f,froleyks,hardware-model-checking,unknown
70da0b784f49350e05c0ff8434acdc15,benchmarks/sat/satcomp2026-main/instances/142-98ed14d6e9b4a4c6-70da0b784f49350e05c0ff8434acdc15.cnf.xz,479052,dfc8869bda24a0b1fc0d555a4e554112caf76ea58a00b097380282b2fba58cb2,98ed14d6e9b4a4c6,froleyks,hardware-model-checking,unsat
dc1688e542f4ef70ca291e793b27336e,benchmarks/sat/satcomp2026-main/instances/143-f577035e28dcf7dd-dc1688e542f4ef70ca291e793b27336e.cnf.xz,2425476,759eddf524311de9bb05a20aadf710d5f9429edc1e55c52a0d37ad7ba52abc61,f577035e28dcf7dd,froleyks,hardware-model-checking,unknown
dff4ea0af62900ab4d404f3bf7649a4d,benchmarks/sat/satcomp2026-main/instances/144-10c95a41d6e4a00d-dff4ea0af62900ab4d404f3bf7649a4d.cnf.xz,44631696,0d2229ad498a357a440bced6a4fed854ba0b3f9cfd916ca5b9629501de239e5c,10c95a41d6e4a00d,froleyks,hardware-model-checking,unknown
f6f91f6a44c3953b788c026cbbaa4e91,benchmarks/sat/satcomp2026-main/instances/145-7fecadfc2a6169e7-f6f91f6a44c3953b788c026cbbaa4e91.cnf.xz,42952,1c9c5d707d4052372923420d64212afc2fd8bc469eaca0ac766da9e7c57803a1,7fecadfc2a6169e7,shuolin,p-center,unsat
5a8ae4300e5bee0e1a8e9c53bf93e273,benchmarks/sat/satcomp2026-main/instances/146-f9455a06ed385e6a-5a8ae4300e5bee0e1a8e9c53bf93e273.cnf.xz,12340,624790e1431e6a582c90d5887a7c39334f3c2af4e4a5613482c76a41fbceb519,f9455a06ed385e6a,shuolin,p-center,unknown
68e33d998466bbdd4bfb7249a5790e4f,benchmarks/sat/satcomp2026-main/instances/147-dcc645f63b1db4b5-68e33d998466bbdd4bfb7249a5790e4f.cnf.xz,24976,af2e88f246a29ce877b3c0d03af40c79ce4970fb2fe01b95d9a606b29d850334,dcc645f63b1db4b5,shuolin,p-center,unsat
3619135ee5865be0a107449fb31defd9,benchmarks/sat/satcomp2026-main/instances/148-64b6938417957fca-3619135ee5865be0a107449fb31defd9.cnf.xz,11908,a1e8a1601b2de19f748b799a9e0d917aa8744ff0ea207a65cce4478deff4da19,64b6938417957fca,shuolin,p-center,unsat
4761df10c93b58dc5985ca8a43c959cf,benchmarks/sat/satcomp2026-main/instances/149-6f584b2fbdcf418d-4761df10c93b58dc5985ca8a43c959cf.cnf.xz,23240,c184946175c52931579f5fc312e6b8f0b15cc9f2c4bf4d97d28245cc3f590073,6f584b2fbdcf418d,shuolin,p-center,unsat
dd5d530ac8bf0019412d023488b075eb,benchmarks/sat/satcomp2026-main/instances/150-820af3ff860ae7d2-dd5d530ac8bf0019412d023488b075eb.cnf.xz,21724,e7cad6615803f24586f97c9b6053dfcbf244a5b1bae70a8dc23fd0090bc71971,820af3ff860ae7d2,shuolin,p-center,unknown
a0bcdaffb0ea36b678899fd86bdc7f18,benchmarks/sat/satcomp2026-main/instances/151-99e988ab8fbfaf5a-a0bcdaffb0ea36b678899fd86bdc7f18.cnf.xz,25092,cf38f2659dd6146084940ec311c05d69019f2990a7e7f39938ab4b562e63a935,99e988ab8fbfaf5a,shuolin,p-center,unsat
d850741af251b251fda8d958b35a6741,benchmarks/sat/satcomp2026-main/instances/152-f613ee2d5232db68-d850741af251b251fda8d958b35a6741.cnf.xz,31556,0c1ee1b85b83bd5197be4df0daa500e8699f390d81e846c0de23408a6aec08d7,f613ee2d5232db68,shuolin,p-center,unknown
1a936d41e3439d602c3ddcf96458a38c,benchmarks/sat/satcomp2026-main/instances/153-d1c8415d060c731d-1a936d41e3439d602c3ddcf96458a38c.cnf.xz,25020,78937c14cd3d0e4db7f9075eda8e591f3afde30c3a9c0bf1c457a80dc7d797b0,d1c8415d060c731d,shuolin,p-center,unsat
7a5e15732788b769aced454e9721444a,benchmarks/sat/satcomp2026-main/instances/154-c68774d78dab8f10-7a5e15732788b769aced454e9721444a.cnf.xz,21952,e7b385e7a95e7d4bf148bf675dabb901257c4c5ade171df2e38d174c65d91a13,c68774d78dab8f10,shuolin,p-center,unknown
011984fd82d62d609e776fbf5de75440,benchmarks/sat/satcomp2026-main/instances/155-73f8011e3e38b3b7-011984fd82d62d609e776fbf5de75440.cnf.xz,12092,fa3549a5f3dd4fbd31a2ac6ccecd6a72f5a6bb5f71212d15257d3f00ab7c8d23,73f8011e3e38b3b7,shuolin,p-center,unknown
3e3e8d83caa8d226f386944e2bc04675,benchmarks/sat/satcomp2026-main/instances/156-41a30e9cda829338-3e3e8d83caa8d226f386944e2bc04675.cnf.xz,24284,cedabfe50be7c87784b498cf342a9b267f9214dac3fa3ede8023341a17e9e300,41a30e9cda829338,shuolin,p-center,unknown
513bb254d63be892ecc49bb99b6c53ab,benchmarks/sat/satcomp2026-main/instances/157-249f45199ae29094-513bb254d63be892ecc49bb99b6c53ab.cnf.xz,860648,ce0537e8c7a8fb358360c8e780af8176b0b0142299182241d5827d17b2464fd6,249f45199ae29094,mihal,belpyramid-puzzle,unknown
d3e4e0f01836bb359725c6aa5072afce,benchmarks/sat/satcomp2026-main/instances/158-ae0d7dbf49a6f944-d3e4e0f01836bb359725c6aa5072afce.cnf.xz,1284028,ef62d536e76ae18000ab2394352fd9c3a534f7694621ef7e90897b8a277cb6aa,ae0d7dbf49a6f944,mihal,belpyramid-puzzle,unsat
98a9352230efc411c092f1dcdcdedcfc,benchmarks/sat/satcomp2026-main/instances/159-f27d6da32fb860b5-98a9352230efc411c092f1dcdcdedcfc.cnf.xz,1183120,cde917504ab76877cdb9ebd02c0b2a5146ca693a40a93d6787a678eb698e627e,f27d6da32fb860b5,mihal,belpyramid-puzzle,unsat
1b9f94befb5bc867c0e882f49973f793,benchmarks/sat/satcomp2026-main/instances/160-948ae39851c13afd-1b9f94befb5bc867c0e882f49973f793.cnf.xz,1029756,43d16e53b59832916ac441e9684dd269011024a02e252258ef0394e1726665dc,948ae39851c13afd,mihal,belpyramid-puzzle,sat
fdc4dd704e4d93a50fafb1debd8a6789,benchmarks/sat/satcomp2026-main/instances/161-c8b9910559ec3164-fdc4dd704e4d93a50fafb1debd8a6789.cnf.xz,954568,c8eb944348519717b8655d46023bdf1d96bd013876327c4f6ad2252c040db4be,c8b9910559ec3164,mihal,belpyramid-puzzle,unsat
0205e2dffaef93a90c239df31755f2e1,benchmarks/sat/satcomp2026-main/instances/162-651e745991ad6128-0205e2dffaef93a90c239df31755f2e1.cnf.xz,1390568,b23712b22c24f96bfeeda1fb8fdcd32dbc39c8f37d2f8ba49b69b79829875395,651e745991ad6128,mihal,belpyramid-puzzle,unsat
f0f239d84dcb9ebb8ed8f6ed933075a9,benchmarks/sat/satcomp2026-main/instances/163-1708355b23ba4c79-f0f239d84dcb9ebb8ed8f6ed933075a9.cnf.xz,1097880,968a528137189a58fa8882f40c062cd404840ed13712825651afa234c9dd0dc9,1708355b23ba4c79,mihal,belpyramid-puzzle,unknown
107eb97d9fe247e48efa1a17f21dfee5,benchmarks/sat/satcomp2026-main/instances/164-7cd14057b3e5be46-107eb97d9fe247e48efa1a17f21dfee5.cnf.xz,5724980,22cc7977535a1c798122442284207f0ec071810d726a642fbedc603746390d7e,7cd14057b3e5be46,mihal,belpyramid-puzzle,unknown
35b9091b90bd28a492c9556d6fc4348d,benchmarks/sat/satcomp2026-main/instances/165-a38b995545921878-35b9091b90bd28a492c9556d6fc4348d.cnf.xz,1097532,6630c2eb94268ba4a6c32f2250d5af674be555c0de3af151fb58165c26f6edcd,a38b995545921878,mihal,belpyramid-puzzle,sat
c8cde50f32ca3f78a4c74a173c63449b,benchmarks/sat/satcomp2026-main/instances/166-b00d4b7b7e1f59c3-c8cde50f32ca3f78a4c74a173c63449b.cnf.xz,5738484,32feec083de474c2c0577d543321bdb9460a396d227698f74009b5439c7df6c1,b00d4b7b7e1f59c3,mihal,belpyramid-puzzle,sat
637110e2a5117881b79cc6b554d7800c,benchmarks/sat/satcomp2026-main/instances/167-710b613c9e1b6198-637110e2a5117881b79cc6b554d7800c.cnf.xz,1346736,21aa849b0975b7bdf0efd44b079da01027944cff2904fffb7ac826f9efc79567,710b613c9e1b6198,mihal,belpyramid-puzzle,unknown
8dc1c76a645f6bfe3730efc27de9cd22,benchmarks/sat/satcomp2026-main/instances/168-787ad40702e84041-8dc1c76a645f6bfe3730efc27de9cd22.cnf.xz,1028508,9038f0fd19604d939bb64571d55841c91bb759f67d9e50385e81c03e6213002d,787ad40702e84041,mihal,belpyramid-puzzle,unknown
76bef98aafe7e718e98761f058c7dc1d,benchmarks/sat/satcomp2026-main/instances/169-0960a2a7d41cab2a-76bef98aafe7e718e98761f058c7dc1d.cnf.xz,955088,e51d5d7cde16739ae4be44b87f0668af828ce47a602c3c9b2e9525c7956e19ce,0960a2a7d41cab2a,mihal,belpyramid-puzzle,unsat
6fb9ae0e4946ee5a92a809329d55eabe,benchmarks/sat/satcomp2026-main/instances/170-c16ca86a158b5963-6fb9ae0e4946ee5a92a809329d55eabe.cnf.xz,1017816,c3ddaec0fa498344f1750508f07af8f66f3750998458239cfdf59e42a74ab5d3,c16ca86a158b5963,mihal,belpyramid-puzzle,unknown
447aaa3cd2d1ddff3409b5276534e0b1,benchmarks/sat/satcomp2026-main/instances/171-df4bab6e09c16135-447aaa3cd2d1ddff3409b5276534e0b1.cnf.xz,1222256,6d0e36aafa0bb748ca85d216424f3c02822a059f1b2018bc667448799003685a,df4bab6e09c16135,mihal,belpyramid-puzzle,unknown
27cb3a6ca772613c5998d7f78a55ba45,benchmarks/sat/satcomp2026-main/instances/172-1354c910bc90b97b-27cb3a6ca772613c5998d7f78a55ba45.cnf.xz,1222784,0b6cbe0e8140ec74f8395487c7a6f8dabc6acecc55408b51bfac2998711a56b5,1354c910bc90b97b,mihal,belpyramid-puzzle,unsat
d25a85b032d5b8e90917b226ae778b70,benchmarks/sat/satcomp2026-main/instances/173-ae4fc020c9470bb5-d25a85b032d5b8e90917b226ae778b70.cnf.xz,5453868,0f5eb071706075d7febaf5d8d00aca57f50464bf5f544408161fb8f0883b310c,ae4fc020c9470bb5,mihal,oddball-weighing,unknown
f1cd694d42891a20c96a65ee1c321edc,benchmarks/sat/satcomp2026-main/instances/174-30bd84f12fca2a97-f1cd694d42891a20c96a65ee1c321edc.cnf.xz,190208,5bf7c9ee8e48de43c4700a7a74ae2ee40669efac2b75fe8cd3f1df34a593c8f9,30bd84f12fca2a97,mihal,oddball-weighing,unsat
575aa1cccad84d9cb9a614d9169651bb,benchmarks/sat/satcomp2026-main/instances/175-ed465e5bb8951912-575aa1cccad84d9cb9a614d9169651bb.cnf.xz,195444,24296985509913c053110e7f680ab2d6e887f2ce27f52b1df8f34c86b938f4ff,ed465e5bb8951912,mihal,oddball-weighing,unknown
c9a0cd269f38e5b71d4e1d83dc9af53c,benchmarks/sat/satcomp2026-main/instances/176-8deab528aa5c1a2b-c9a0cd269f38e5b71d4e1d83dc9af53c.cnf.xz,219348,1ce092e5a1e2440820847b58c401a686c1a1309a6b72f73d368f058f89a5fe2a,8deab528aa5c1a2b,mihal,oddball-weighing,unknown
2c458ef30d7b670f143d6c6e175e3ee9,benchmarks/sat/satcomp2026-main/instances/177-aef174b833627715-2c458ef30d7b670f143d6c6e175e3ee9.cnf.xz,9370440,cb2e93401596c6b50a81380ed54ef3b3290d282d7447f0bb271a88e0df7181df,aef174b833627715,mihal,oddball-weighing,unknown
95d9c7e9f2c7c2202371fbdb9eecf5f6,benchmarks/sat/satcomp2026-main/instances/178-23e61399f8970cd8-95d9c7e9f2c7c2202371fbdb9eecf5f6.cnf.xz,12699864,9ff3623ad3483366dd0b8aabe6ff63903dfb551fb9e48f0069f6d95a3b42bf67,23e61399f8970cd8,mihal,oddball-weighing,unknown
c569d4b2b2e90a1a70bd23a1169355ef,benchmarks/sat/satcomp2026-main/instances/179-aa711d8573e0d653-c569d4b2b2e90a1a70bd23a1169355ef.cnf.xz,168360,49a4137232f97e4d33129d5cde7be2dea94d02fecb1e00313fb251d9c6807eeb,aa711d8573e0d653,mihal,oddball-weighing,unsat
8f391f2bf8167f1b96467f3479b33dc5,benchmarks/sat/satcomp2026-main/instances/180-fb1332a62464178c-8f391f2bf8167f1b96467f3479b33dc5.cnf.xz,218488,4d1dea5ca2efde89744c547b69990148c6e0fa3e247ba5f78f82c085697c7ff9,fb1332a62464178c,mihal,oddball-weighing,unsat
da1491f3317f7ef17f73b9d000c6b662,benchmarks/sat/satcomp2026-main/instances/181-b418584c71ef633c-da1491f3317f7ef17f73b9d000c6b662.cnf.xz,4766368,6a34701235eb3c1bccdd69258ad0633bd3921d9d94b9e225702fce139de8339b,b418584c71ef633c,mihal,oddball-weighing,unknown
9b990af19f6cad823e18ef914766be49,benchmarks/sat/satcomp2026-main/instances/182-a6aee5e3c08ae442-9b990af19f6cad823e18ef914766be49.cnf.xz,106832,07635d5ce4fb7b147f1e0fefeff1ed8eb3886a62b733f16d5a4dfb60f35dca5a,a6aee5e3c08ae442,mihal,oddball-weighing,unknown
7a206b67366c3049f214f360ff943f62,benchmarks/sat/satcomp2026-main/instances/183-c46e9f5873cea0d3-7a206b67366c3049f214f360ff943f62.cnf.xz,6089724,ac1e5ded501361d9408ee099b71a87edaf13130aaa23a75ed520811c9e857401,c46e9f5873cea0d3,mihal,oddball-weighing,sat
cdf2e47ea6439e1d2a1341aa4b7e4b8b,benchmarks/sat/satcomp2026-main/instances/184-083683b0335c05ba-cdf2e47ea6439e1d2a1341aa4b7e4b8b.cnf.xz,5483124,af130aca1a89946b96da36abec3d80226ae9f74414df5d8f8c49a0d663d6b466,083683b0335c05ba,mihal,oddball-weighing,unknown
4cf3505e5183c26bbd97d89fdaa93f8c,benchmarks/sat/satcomp2026-main/instances/185-92df3fdff4de24d6-4cf3505e5183c26bbd97d89fdaa93f8c.cnf.xz,199784,127e2046a08dd56fbe6367fd8be54687ffdec76d4bee4de46c6d6342c6bd87c6,92df3fdff4de24d6,mihal,oddball-weighing,unsat
41915707d831e1365389d3cc47c7953f,benchmarks/sat/satcomp2026-main/instances/186-8c515af6fa2eddf3-41915707d831e1365389d3cc47c7953f.cnf.xz,5233320,06678b3f770ed29ab2b2799391baf8f02e5cfbc75cc59c6980d37f42661a4589,8c515af6fa2eddf3,mihal,oddball-weighing,sat
0ec8c5e9084cbc8a326f8f37e1abf741,benchmarks/sat/satcomp2026-main/instances/187-12e20a9bec45bb7c-0ec8c5e9084cbc8a326f8f37e1abf741.cnf.xz,5707648,5eabb956e7c1540bebe24f624d33b3ff4a4fa99ff5dac806cf9779c9925dd72c,12e20a9bec45bb7c,mihal,oddball-weighing,sat
fdefca5f5236d5a8361dbdff0d017eeb,benchmarks/sat/satcomp2026-main/instances/188-def476575ed856ef-fdefca5f5236d5a8361dbdff0d017eeb.cnf.xz,249100,1922f64f5b0dfe4b0af0bf7f124c2f7677f57298c3e666f8a6d734b282bdc8c0,def476575ed856ef,mihal,oddball-weighing,unsat
0ae0c5a4fb9001d63669a0aa5b592167,benchmarks/sat/satcomp2026-main/instances/189-00b1188dcf787a15-0ae0c5a4fb9001d63669a0aa5b592167.cnf.xz,42536,36972c08673dae3d6a32419ef9f075706a781f914b480efabffa3441b3648749,00b1188dcf787a15,xindi,miter,unsat
be818288e61a2ba049a66a1c6a286971,benchmarks/sat/satcomp2026-main/instances/190-043b2e3f71fbbe8e-be818288e61a2ba049a66a1c6a286971.cnf.xz,914844,a71ce1dcf0e84a2ec91d251e5ccb1943d11a2c32eb0fa11d594bb78fc8d53aa5,043b2e3f71fbbe8e,newman,station-repacking,unknown
e17d3f94f2c0e11ce6143bc4bf298bd7,benchmarks/sat/satcomp2026-main/instances/191-05cc2457f55e4208-e17d3f94f2c0e11ce6143bc4bf298bd7.cnf.xz,273340,09595aedd0021d78e04f77aea53b8ec05419bba90071d761606f1c2c6a053a4f,05cc2457f55e4208,iser,software-bmc,sat
fe6062a368c5779bb65f21bd301b6cc9,benchmarks/sat/satcomp2026-main/instances/192-070d48bca26816a1-fe6062a368c5779bb65f21bd301b6cc9.cnf.xz,85324,e247bbf60b8fc0fe8a3048081321a3200813c1d4612111b1902e1d100f01125f,070d48bca26816a1,riveros,ssp-0,sat
7db30d12cb06f0dc2f30abff80d96d6a,benchmarks/sat/satcomp2026-main/instances/193-07ada0346e6c153f-7db30d12cb06f0dc2f30abff80d96d6a.cnf.xz,12632,b2ed4a7a084ec1f8fa0208b55e34c22ea92a192690359dd68d91274a6b83a709,07ada0346e6c153f,pakin,binary-tree-parity,unknown
14216e0f4c89982abcf5ad2cc1a23fd8,benchmarks/sat/satcomp2026-main/instances/194-08d6c0df7021d569-14216e0f4c89982abcf5ad2cc1a23fd8.cnf.xz,227564,dff8b073e82f7c4369f6607a73d72d928ecf23778d1c0b690cc8a86fbfe5a92a,08d6c0df7021d569,heule,quasigroup-completion,unsat
8707ef793f0443b5804c56c2ffca322e,benchmarks/sat/satcomp2026-main/instances/195-0940359c01410c82-8707ef793f0443b5804c56c2ffca322e.cnf.xz,32912,a90f55f8d454d5d4db2f1dba3451e9381f67488c7b0bcfb1f216dd89a0700c5c,0940359c01410c82,anders,clique-coloring,unknown
d6bb07788867cb7230f5e6e936fd1cad,benchmarks/sat/satcomp2026-main/instances/196-0abe68dd66af88f4-d6bb07788867cb7230f5e6e936fd1cad.cnf.xz,66548,82afafe5b1274e685c2d2e4c824be50d8f10218a99d5f5e3e96440d7e1b21151,0abe68dd66af88f4,oertel,binary-pigeon-hole,unknown
b5df8842330d20ec7102405549d282ed,benchmarks/sat/satcomp2026-main/instances/197-0ae5c288a576b9f2-b5df8842330d20ec7102405549d282ed.cnf.xz,17592,161ee5cb2add54e52a64a9fb831f53d048c5daa3928d5e2f56c5a1a787d74ef9,0ae5c288a576b9f2,manthey,hidoku,unsat
b89afb480cd3841766e1c83dcebb6c5a,benchmarks/sat/satcomp2026-main/instances/198-0ecd60be40ea3eac-b89afb480cd3841766e1c83dcebb6c5a.cnf.xz,284016,7628982e4403cc3dfe1ff5f6b9ae6553153bd420338d87703f2480a0720818ef,0ecd60be40ea3eac,unknown,agile,sat
f004b5183cd9da8c2120ce62b15d9679,benchmarks/sat/satcomp2026-main/instances/199-0fe3ddd47d91b1ff-f004b5183cd9da8c2120ce62b15d9679.cnf.xz,62360,489aa09cbb2859a4e2ae74d44522a1f8418a9e1463854c4abd66894f1fafae6b,0fe3ddd47d91b1ff,devriendt,coloring,unsat
07e851c74295f7ddf472820c0f0164e8,benchmarks/sat/satcomp2026-main/instances/200-11a6cd96fe0804c8-07e851c74295f7ddf472820c0f0164e8.cnf.xz,3048,8eb207c22683ffedbf88d53c69874475b846eb927cffc4edd88b8119699e48c7,11a6cd96fe0804c8,zhang-lintao,xor-chain,unknown
790152d13323c14a7a1f0759ae3b5c28,benchmarks/sat/satcomp2026-main/instances/201-11d84f697c8b3a4a-790152d13323c14a7a1f0759ae3b5c28.cnf.xz,3972,218cec7c02b7e2c4abf074fb88bbe3e9db6a4c22b05d705dd51624c3176a8837,11d84f697c8b3a4a,spence,sgen-balanced,unsat
d189545a89cfa00bee42cfa0088f10dd,benchmarks/sat/satcomp2026-main/instances/202-121a71cffbc6aaa7-d189545a89cfa00bee42cfa0088f10dd.cnf.xz,1027372,9ddd1650fef612459daa9d0ec909ab6c00925476687156f31261d20f64f70353,121a71cffbc6aaa7,newman,station-repacking,unknown
6bdd9e4670465a1a3df014b1cf847d53,benchmarks/sat/satcomp2026-main/instances/203-12ca89c821d9c5f4-6bdd9e4670465a1a3df014b1cf847d53.cnf.xz,454708,30ed98b61cc06be4e60178cf471ebbd1c4c37b7d9dfb0d01c8cfc6de55b56988,12ca89c821d9c5f4,leberre,2d-strip-packing,sat
67158b829ad61fbc3ae12f9fafe2de3c,benchmarks/sat/satcomp2026-main/instances/204-1464fd39a110e86e-67158b829ad61fbc3ae12f9fafe2de3c.cnf.xz,18540,4e8635ab72078af47810462905ab35c727869898e39f82f6e9ed542927cd77a9,1464fd39a110e86e,wynn,cardinality-constraints,sat
c1b5c3d1016de7baeb0ddb3a2ab2d891,benchmarks/sat/satcomp2026-main/instances/205-1605f767d61be097-c1b5c3d1016de7baeb0ddb3a2ab2d891.cnf.xz,137700,bd5076a86228100670490b39f89a3987a46a35c6e51bd711865a67b07eff1a96,1605f767d61be097,zheng,set-covering,sat
36ba44cf208034e2c8e84a1971b9bfd4,benchmarks/sat/satcomp2026-main/instances/206-16828ff0a881c097-36ba44cf208034e2c8e84a1971b9bfd4.cnf.xz,69424,e91daf24b658156203e9afdd7d173b29b9ae1416a1e0038a11eef589686133f6,16828ff0a881c097,connamacher,generic-csp,sat
cee485c7a301636a77d629b1897b476a,benchmarks/sat/satcomp2026-main/instances/207-16f1a0195e153a7b-cee485c7a301636a77d629b1897b476a.cnf.xz,82848,d128fc4242aeb31a52ca3bb3e3f1b24f7b43ea773de7b26f6984c1e432c82222,16f1a0195e153a7b,kullmann,waerden,sat
aa6e6f67719ca43aef922f2ebabc409a,benchmarks/sat/satcomp2026-main/instances/208-195cc7d46ae09afe-aa6e6f67719ca43aef922f2ebabc409a.cnf.xz,2197040,fa252dc6c8fca250ed132b7ff902f533ff9935150775d0f7659af378d5dd42dc,195cc7d46ae09afe,manyem,independent-set,unknown
1a44872b002813b5afeda13c3dfeaa09,benchmarks/sat/satcomp2026-main/instances/209-1cdf4638f2abc4a9-1a44872b002813b5afeda13c3dfeaa09.cnf.xz,2829332,46e5c59ac41f4bfeca8cd19cc1b78e5c0be4d940e72baf612971f4f12d15158f,1cdf4638f2abc4a9,post,cryptography-cbmc,unsat
83a2c7cc8be3345b614a34b9ba6aa401,benchmarks/sat/satcomp2026-main/instances/210-1d83e401894a1102-83a2c7cc8be3345b614a34b9ba6aa401.cnf.xz,18046028,82c921e482c1a6b45ccdbe576f851f758e49902d3a877574f8398dadf3e97e32,1d83e401894a1102,elffers,stone,unsat
bdc4dfc5ebf0274dcb18dd236773fcfa,benchmarks/sat/satcomp2026-main/instances/211-1fd4a850e26b2dbb-bdc4dfc5ebf0274dcb18dd236773fcfa.cnf.xz,1367652,96fed881d4ec31ac4fed580d811c51b02a3f028242fcbd2f56313184c8b02324,1fd4a850e26b2dbb,riveros,sum-of-3-cubes,unknown
29a5ffb47a49a6d240e08e207f320052,benchmarks/sat/satcomp2026-main/instances/212-1fe2c2f30c3d3ea7-29a5ffb47a49a6d240e08e207f320052.cnf.xz,6160,5651bbd3def32d725df84049257e9839f86aa3d5ae2a985abcc61b15ceecbda0,1fe2c2f30c3d3ea7,chen,hgen,sat
6bf14262fd0dd58c3e4b913d0ad84698,benchmarks/sat/satcomp2026-main/instances/213-1fe9ddbee66491cb-6bf14262fd0dd58c3e4b913d0ad84698.cnf.xz,346796,b68d72cb5307a35e13967a6cdc7071150ca61fd12a34d0cf3612e757b611274c,1fe9ddbee66491cb,kaiser,sliding-puzzle,unknown
c4318c6a97bce326fdcc6b44a5fe1353,benchmarks/sat/satcomp2026-main/instances/214-207b6637451c06f9-c4318c6a97bce326fdcc6b44a5fe1353.cnf.xz,208460,fa979357ce253657b717fb8519b07374cf73f7cd01c31c845b919719a42d431f,207b6637451c06f9,qian,belpyramid-puzzle,unknown
8a4d4d12d5ee249757a75a88151af988,benchmarks/sat/satcomp2026-main/instances/215-21630c9907f82884-8a4d4d12d5ee249757a75a88151af988.cnf.xz,9876,59aebfd50bf45087d176ba1a9e1affcb8b7e8be77230d3f9a604d36a4db45e01,21630c9907f82884,yldirimoglu,coloring-clique,unknown
0ef029cb7616d4a89eb6d1f63e89f67e,benchmarks/sat/satcomp2026-main/instances/216-2210be8b524c3d82-0ef029cb7616d4a89eb6d1f63e89f67e.cnf.xz,17692,2c9ab215e6400269e07befd02947bb465c42cc13e2d3635dcdfe86021cbc269b,2210be8b524c3d82,oertel,or_randxor,unsat
a4269b1a0c595d1aaa02122f72eefbe6,benchmarks/sat/satcomp2026-main/instances/217-287b6f9b9196fb2b-a4269b1a0c595d1aaa02122f72eefbe6.cnf.xz,4215732,9dbb962f462c5d58ece499731ce23f97093f5887f23cf41bebd354a5d8571875,287b6f9b9196fb2b,schreiber,mechanical-master-key,unknown
f30dd7d27754d8f927fb1912d130e01d,benchmarks/sat/satcomp2026-main/instances/218-28ba7bdf2e6ff90e-f30dd7d27754d8f927fb1912d130e01d.cnf.xz,139316748,276b82e9154e46d810f1f495ce3bb6260dc484c3908102499ceb8879b436e1b8,28ba7bdf2e6ff90e,jianmin,md5-equivalence-checking,unknown
2b79a32fe5eab5954569261405d7601c,benchmarks/sat/satcomp2026-main/instances/219-29e62f188a62c226-2b79a32fe5eab5954569261405d7601c.cnf.xz,4717392,fe5858abf8777950a6ac2cfab21f3a94c0256791ce0c2df3d5b7a64ddc0d44f5,29e62f188a62c226,rintanen,planning,sat
e48af523d63263e2bbe916129e496bb7,benchmarks/sat/satcomp2026-main/instances/220-2ceb483bec3eae9a-e48af523d63263e2bbe916129e496bb7.cnf.xz,4258716,2f2abd604d6c8ec22089fa923a3b607a5dee853c2a0d15ed736a3938aab296f2,2ceb483bec3eae9a,zhenwei,equivalence-checking,unknown
7a5e9bdbf9b8c025b1f986d6098b6206,benchmarks/sat/satcomp2026-main/instances/221-3163a2608ae239e9-7a5e9bdbf9b8c025b1f986d6098b6206.cnf.xz,45091212,ae978a0ab50abedec524fa74b99c26cd868abc24355d6ab0b63b7b34937eaec3,3163a2608ae239e9,yangli,graph-isomorphism,sat
e2f1cd2f3cd35037bd1022f22c2ee6cb,benchmarks/sat/satcomp2026-main/instances/222-325b768c3d6f5fcf-e2f1cd2f3cd35037bd1022f22c2ee6cb.cnf.xz,142956,659e8d3b209b89e76b3a85a1a563ff641245b65ace613a62234c8bad39fdb55c,325b768c3d6f5fcf,xiao,polynomial-multiplication,sat
e4693381ca70fb32a9e560279156afcc,benchmarks/sat/satcomp2026-main/instances/223-34ceed57ee018ee5-e4693381ca70fb32a9e560279156afcc.cnf.xz,10556,7279f0dd721547d4a5bf7c9e7573161548dfe4f7975200ef64d84c46e927cecb,34ceed57ee018ee5,chowdhury,grandtour-puzzle,unknown
b358bf7111086fd6d60b11c2f01465b8,benchmarks/sat/satcomp2026-main/instances/224-355ffa00f81a1005-b358bf7111086fd6d60b11c2f01465b8.cnf.xz,109516,be0b0465199e22a3ff4618e3427bc3f5026dd112b47e34b699b3260844740b4d,355ffa00f81a1005,skvortsov,automata-synchronization,unknown
05eee75ab69270c322b9ef6bc1ee8604,benchmarks/sat/satcomp2026-main/instances/225-3585e0b1473e6e31-05eee75ab69270c322b9ef6bc1ee8604.cnf.xz,438176,b66b313a739b5460051ef1ea26b7171aad2b0b851ce44b111b09f668b0eef3b5,3585e0b1473e6e31,fuhs,cryptography,unknown
1b84df53843ecd90ec8c3c7a01cada6c,benchmarks/sat/satcomp2026-main/instances/226-36133bac7c711605-1b84df53843ecd90ec8c3c7a01cada6c.cnf.xz,11536,27d2a226c53e216650f48920c267fd57a6cbcf6573358f3e9b2cbcfebcf5c6e5,36133bac7c711605,anders,ramsey,unknown
5a7042323ef6e8a5c06845289e668def,benchmarks/sat/satcomp2026-main/instances/227-3811bf5a2a6bde16-5a7042323ef6e8a5c06845289e668def.cnf.xz,726072,fd3c5a72bfe0810c7592b1f20e41d32cf136f55a35bbee8d96f58da5449da5da,3811bf5a2a6bde16,johnson,stedman-triples,sat
35529475005f5de6b85559184d90ebed,benchmarks/sat/satcomp2026-main/instances/228-385390d0e15084c7-35529475005f5de6b85559184d90ebed.cnf.xz,37804,5dcc5b594ad071edb6145a6ba3ef5f506fcb971df3e633223c684a9ea07ff60e,385390d0e15084c7,kochemazov,miter,unknown
220a0543b7253ed85a7b1e74741c2e23,benchmarks/sat/satcomp2026-main/instances/229-387fab72cf45b287-220a0543b7253ed85a7b1e74741c2e23.cnf.xz,17612,e9b7bef3af4f9dc9a7395dc5def7a9f13a6e033fe1b971ed6f81f7cd95ae90fd,387fab72cf45b287,manthey,hidoku,unsat
7cbc3ce2052ba7c5b501f75af58ab3c4,benchmarks/sat/satcomp2026-main/instances/230-3a4a69d1861a99e5-7cbc3ce2052ba7c5b501f75af58ab3c4.cnf.xz,20912,9af7ff6f288340a9b2afbcaa83a5b04c6658747cf7bdfd77d8d4c4f291a87f2b,3a4a69d1861a99e5,yuhangqian,cryptography-simon,sat
42bae687b8c0f3061b135ddc21b24d7a,benchmarks/sat/satcomp2026-main/instances/231-3a9205ef93ecba56-42bae687b8c0f3061b135ddc21b24d7a.cnf.xz,758412,2f9a3ca855603840c666b9acbc3a9ba4b896db85e7fa0710f1c34c2026417904,3a9205ef93ecba56,jarvisalo,miter,unsat
2b032f8a8976a302ad125eb50a3e8445,benchmarks/sat/satcomp2026-main/instances/232-3b2bdb551f740e91-2b032f8a8976a302ad125eb50a3e8445.cnf.xz,475088,a826d91bc9da8f114cffcb7b82a13db044cb90f08e600ea977646504a65237a0,3b2bdb551f740e91,manyem,independent-set,sat
9517951125034200bab1d17c28f36df1,benchmarks/sat/satcomp2026-main/instances/233-3e26d1d5a1ff3ccf-9517951125034200bab1d17c28f36df1.cnf.xz,43052,2b879b53f05e625989c0735faca2dab19537e733cbba9d10325c2a6b01813b98,3e26d1d5a1ff3ccf,bevan,tseitin-formulas,unknown
63acdb1e4c4437b22b7ee3b405c1d096,benchmarks/sat/satcomp2026-main/instances/234-3fad3d0f1f4afe11-63acdb1e4c4437b22b7ee3b405c1d096.cnf.xz,2365628,38b5daa931abd06902f5bc2da08ee6dbdab79682cb0014cbf6e81b82945b5b72,3fad3d0f1f4afe11,oostema,coloring,sat
9a85720c365680d985924c786fabad81,benchmarks/sat/satcomp2026-main/instances/235-401e880b02760ebe-9a85720c365680d985924c786fabad81.cnf.xz,10898480,a9b8c6b542763139a798b3059d6276532cb20df515615db71823ae8499cdeacb,401e880b02760ebe,maoluo,polynomial-multiplication,unsat
acdf3c810df7614cd6cd5e68c0a412bc,benchmarks/sat/satcomp2026-main/instances/236-40f87e8ad2b1ce77-acdf3c810df7614cd6cd5e68c0a412bc.cnf.xz,1516856,24b0d6cabc16b62f75269777199680c8da76645bf74c4e845ef56c47a1b2272d,40f87e8ad2b1ce77,froleyks,planning,unknown
8fa526d20599ca8c3d613e9066d62e61,benchmarks/sat/satcomp2026-main/instances/237-415186aef2244b4b-8fa526d20599ca8c3d613e9066d62e61.cnf.xz,4740644,b8156a0c5344b51c0b89580c263e5021bf9e5aaf4200bfc3eb0d9d86e692c9a2,415186aef2244b4b,hiller,trigonometric-functions,unsat
d39f5c2474124910a607eb378b9f0bc3,benchmarks/sat/satcomp2026-main/instances/238-41f361eebb304d65-d39f5c2474124910a607eb378b9f0bc3.cnf.xz,436608,c622d3bc2d6317468d9f708a210243f2d645ba7ea00aee28432fa409bd9d6ede,41f361eebb304d65,riveros,ssp-0,sat
787b591a4ea6e81e328be4e0a4ffa9bc,benchmarks/sat/satcomp2026-main/instances/239-435093c2cea2486b-787b591a4ea6e81e328be4e0a4ffa9bc.cnf.xz,47236072,9c459954217712e3906ea8d816a3e8563dddd6f5e71e95c515efd64349309db2,435093c2cea2486b,froleyks,planning,unknown
aef139dd6fc121fbc2d23e43cf88d32b,benchmarks/sat/satcomp2026-main/instances/240-45a28855128a1d85-aef139dd6fc121fbc2d23e43cf88d32b.cnf.xz,237920,e67ac88dc81b053f25a207e4a1a5fe37d56f1a275c8236eda12cc8e26ad721af,45a28855128a1d85,gacek,cover,sat
45742d067cc851edc1201d8a02586eac,benchmarks/sat/satcomp2026-main/instances/241-49db783e64d2613b-45742d067cc851edc1201d8a02586eac.cnf.xz,5432,8e8b0b26ab60e7f5afee81a48d3279454a157235fa2ed6e35fa4220ba14fd05e,49db783e64d2613b,porkhunov,mutilated-chessboard,unsat
592078a0b65e96c18e866d4a96d81bab,benchmarks/sat/satcomp2026-main/instances/242-4f142ef1b83db5cf-592078a0b65e96c18e866d4a96d81bab.cnf.xz,10836404,fccf43171db37335007f572eac7576c23824a185981dd948fed3c9a51a21b731,4f142ef1b83db5cf,hartung,core-based-generator,sat
f5e9eccd404287eafcf8cc0496ee5e44,benchmarks/sat/satcomp2026-main/instances/243-501c5aaa0574ee1e-f5e9eccd404287eafcf8cc0496ee5e44.cnf.xz,15886880,dbc2bcf5da2436bb986dda9e21388b0d9233504f8f6862e3bd97ac0b4bdeca32,501c5aaa0574ee1e,unknown,floodit-puzzle,unknown
dd169198070f9aa35015de65e8209a05,benchmarks/sat/satcomp2026-main/instances/244-50d492edebc47750-dd169198070f9aa35015de65e8209a05.cnf.xz,2496,61aff88945a9556a30d3c52b77e5e590b2056a889dcdc602b65bcd78df968c8c,50d492edebc47750,green,register-allocation,unsat
34e9dcd2f0ead02d41e7df31fd41c211,benchmarks/sat/satcomp2026-main/instances/245-5149ed2b3d1384df-34e9dcd2f0ead02d41e7df31fd41c211.cnf.xz,54848,d7c4f58f2c6d7165715387a8b7041d155a7411931a6009e76883f1cfbf7e230f,5149ed2b3d1384df,unknown,coloring,unknown
78e8f5b0d59512cc4910fd63b4acb7fa,benchmarks/sat/satcomp2026-main/instances/246-514c37fa54441cea-78e8f5b0d59512cc4910fd63b4acb7fa.cnf.xz,37636,a59d080b701c78bb7e341eb1ba18b893709f23e47c71f69cfabd6934791587ff,514c37fa54441cea,reeves,scheduling,unknown
167fdd34e5dc00a02e3b79461cd62068,benchmarks/sat/satcomp2026-main/instances/247-517d013f3a9c1e66-167fdd34e5dc00a02e3b79461cd62068.cnf.xz,139200,e08f4530a824ebfbefd833de727fe580b49575abdcda2b59aab1f59884151082,517d013f3a9c1e66,pehoushek,prime-factoring,sat
2c3c28f6d939d157e909c57a265fc908,benchmarks/sat/satcomp2026-main/instances/248-52b31f5e6121b454-2c3c28f6d939d157e909c57a265fc908.cnf.xz,4136,a5f030bbc9e61d602645eb4a5cfd871d2d56971615a660aad15dc91f0714f48b,52b31f5e6121b454,porkhunov,mutilated-chessboard,unsat
e01c39b7b41c9ff1621579b747254fab,benchmarks/sat/satcomp2026-main/instances/249-53dc27b5a6b4b752-e01c39b7b41c9ff1621579b747254fab.cnf.xz,18051668,48645859422b973ee9b83b729e7eb8438d6de5f0fa6924c870686c2ff83c60db,53dc27b5a6b4b752,hartung,core-based-generator,sat
4da0a6b2df4e019692573208b3ddceed,benchmarks/sat/satcomp2026-main/instances/250-55ffe6d39a1fdfc6-4da0a6b2df4e019692573208b3ddceed.cnf.xz,1279420,2a0d530efd14d4601564d3e0865f0b35722bf53ae8c39818370fc015c3f06b07,55ffe6d39a1fdfc6,harder,cellular-automata,sat
2a0f12ac393b2fb15f0dcc45c00e7434,benchmarks/sat/satcomp2026-main/instances/251-56c9fa1795817839-2a0f12ac393b2fb15f0dcc45c00e7434.cnf.xz,1762532,fe68912bf61c5c7f28334ccb0023004c28c277fe6fed45e30dea28092ace02a2,56c9fa1795817839,riveros,sum-of-3-cubes,unknown
8f7cd9fb4b8852fdf9a21c606724c71a,benchmarks/sat/satcomp2026-main/instances/252-57280b1e6732eda3-8f7cd9fb4b8852fdf9a21c606724c71a.cnf.xz,1508564,7cfb09fc93bfd583bf6cdcc8bea0021c642c2948ab40938972e12f7116ec907b,57280b1e6732eda3,chung,satcoin,unsat
19951d43eff5fc4ef6fd07d7a5324fa0,benchmarks/sat/satcomp2026-main/instances/253-58e654467d418706-19951d43eff5fc4ef6fd07d7a5324fa0.cnf.xz,11911460,3103f20305c6dcacfbc517bdc50456d97a2a1fb50f25df0e0771b5b0c1e14e3e,58e654467d418706,mihal,oddball-weighing,unknown
4dc92cc97ebbe9230020a89efbbdcfb1,benchmarks/sat/satcomp2026-main/instances/254-5958f4a3049d700d-4dc92cc97ebbe9230020a89efbbdcfb1.cnf.xz,105584,7a8a37561757cf3743ee33bce2b96cbff972034f14b531466a91c0cc3c7eceed,5958f4a3049d700d,grinten,puzzle,unsat
34ec0ac977ff84125ae64eff1beead1d,benchmarks/sat/satcomp2026-main/instances/255-59c2ff30f5ddb13e-34ec0ac977ff84125ae64eff1beead1d.cnf.xz,759560,58ec859a8ff1cf85a7ad032e7b342726ec4d51c8124b8a7e9307f1fa82a260a6,59c2ff30f5ddb13e,manyem,independent-set,unknown
369196e2e98718bca4c038429b39e2d7,benchmarks/sat/satcomp2026-main/instances/256-5a091afc1688b05b-369196e2e98718bca4c038429b39e2d7.cnf.xz,2708,ed12824859960e8fffd5823e675c6500b0dd550ef4ad42622bf5766d0b599c4c,5a091afc1688b05b,zhang-lintao,xor-chain,unknown
79d2eae74f2b790d821578d9b7f675c0,benchmarks/sat/satcomp2026-main/instances/257-5ddbd7541c1a417e-79d2eae74f2b790d821578d9b7f675c0.cnf.xz,558768,9f0a4e50a0c8d304f55c5cdf7964298c9b26aed2e4e3512f130328d25f01a4cc,5ddbd7541c1a417e,yolcu,coloring-mycielski-graph,unsat
dc31f9a5c7bce9fa67d2dac4dd4b25e4,benchmarks/sat/satcomp2026-main/instances/258-5f3778e1e262fd6e-dc31f9a5c7bce9fa67d2dac4dd4b25e4.cnf.xz,22540736,143daf3bb7fae68b62e0c41499c2c7d586892f9b5ce5efe666a7be5caa439bbd,5f3778e1e262fd6e,unknown,railway-safety,unknown
1c5db14105658d929d0dbe0c4128e87b,benchmarks/sat/satcomp2026-main/instances/259-5f7d281f8aea4523-1c5db14105658d929d0dbe0c4128e87b.cnf.xz,10389488,0527059f482af2177358f19968a93d9f02f990e88c0087518ef54f9e814034e9,5f7d281f8aea4523,elffers,pebbling,unsat
dbd9a0cca6f990463513767c8a75a389,benchmarks/sat/satcomp2026-main/instances/260-5f98b95f06c72ea2-dbd9a0cca6f990463513767c8a75a389.cnf.xz,288224,a5633ca86e5d9fef3487eb04dc72dedb54bbbd98835c3086d879e1f15d2b4b32,5f98b95f06c72ea2,unknown,agile,sat
cf801b6e9f208f1560b71c26417931a8,benchmarks/sat/satcomp2026-main/instances/261-622a4b9ebc9f9dc2-cf801b6e9f208f1560b71c26417931a8.cnf.xz,4900,56a8e4ae6e81dccde46367d609f23c0f9ecfca14e5078f849e8afc4a47b0f0bc,622a4b9ebc9f9dc2,aloul,fpga-routing,unsat
0d209cb420326994f9c4898eb10228ab,benchmarks/sat/satcomp2026-main/instances/262-62939828940f0f6e-0d209cb420326994f9c4898eb10228ab.cnf.xz,1479116,451250dc73ea96cf862861b977f4fc4171ee66a808230012e4a7c6a462dd4c4d,62939828940f0f6e,nossum,cryptography,sat
81174ee5b730f44a81951355085d62c0,benchmarks/sat/satcomp2026-main/instances/263-62ca99f0fd0748e5-81174ee5b730f44a81951355085d62c0.cnf.xz,6087700,e0edbe5d38bfc9291089577f71a83a1cb4aa1db1b0566f4badbab644cbf9ca23,62ca99f0fd0748e5,hickey,baseball-lineup,sat
a91f564f1c6ff502464c4c38bb78f0a1,benchmarks/sat/satcomp2026-main/instances/264-62fc975f32614113-a91f564f1c6ff502464c4c38bb78f0a1.cnf.xz,3452628,112edf035811eb5374769037f6eef36b5d64e663c9c9cd1fce9f2c2af6eba4aa,62fc975f32614113,palacios,planning,sat
c401fc09cf0d3fb666cd80dd38f9757d,benchmarks/sat/satcomp2026-main/instances/265-63728ab1d707dc29-c401fc09cf0d3fb666cd80dd38f9757d.cnf.xz,1918396,fb57753b9e9d2b6e0a7ffa367e3d1b749ca17bf596eeec9d0ea205b5dbb4da6e,63728ab1d707dc29,yolcu,coloring-mycielski-graph,unsat
c54ffdd40f7f08ecdee30ff39da2de6e,benchmarks/sat/satcomp2026-main/instances/266-6397a45638ccc8d8-c54ffdd40f7f08ecdee30ff39da2de6e.cnf.xz,188436,ec1dd9ea75534928c1cb9002c82b046c3203f3bb69b997dc00b1aece1bb2600b,6397a45638ccc8d8,preiner,bitvector,unsat
5457c05649be6f3bc4f743c5e6086a18,benchmarks/sat/satcomp2026-main/instances/267-63a830ea89e62ab5-5457c05649be6f3bc4f743c5e6086a18.cnf.xz,9660,7e2872c80ddf04027369be4b69cf8c624f75fc4f04b9407a0dba08eb4a03af50,63a830ea89e62ab5,bryant,minimum-disagreement-parity,sat
42d7ff70b7e93478a912ebbab48c17d1,benchmarks/sat/satcomp2026-main/instances/268-63bf64f503e39a7e-42d7ff70b7e93478a912ebbab48c17d1.cnf.xz,1676316,e6b3f24288e0ed59effa629ba9e9d250efc30e2490fe44230b0d068d1bb9c269,63bf64f503e39a7e,unknown,bitvector,unsat
39ad133b95ca87ca0842d3b4d17ec926,benchmarks/sat/satcomp2026-main/instances/269-63e0e05dd8d08d74-39ad133b95ca87ca0842d3b4d17ec926.cnf.xz,1479116,17bc17d6fe3fd42af2b6649989a51f42da6718ddafc4cae8a23e4b052efdbe5a,63e0e05dd8d08d74,nossum,cryptography,sat
48eacbc152c7710dfd6fe17a8a17199e,benchmarks/sat/satcomp2026-main/instances/270-640b6b6134f5e551-48eacbc152c7710dfd6fe17a8a17199e.cnf.xz,95752,6c91e0c83b50de84de7b7cf993de29a9e434c1f354ef110af62a9e7188fb928b,640b6b6134f5e551,zheng,set-covering,unsat
3619135ee5865be0a107449fb31defd9,benchmarks/sat/satcomp2026-main/instances/271-64b6938417957fca-3619135ee5865be0a107449fb31defd9.cnf.xz,11908,a1e8a1601b2de19f748b799a9e0d917aa8744ff0ea207a65cce4478deff4da19,64b6938417957fca,shuolin,p-center,unsat
e6f4ea71ba600617bfb3a274f215e8e3,benchmarks/sat/satcomp2026-main/instances/272-660cee80aa3dc035-e6f4ea71ba600617bfb3a274f215e8e3.cnf.xz,653216,08d595968b1df6194297b2c8837e517381c6f55015fb0dd2010d73c5a7797d7c,660cee80aa3dc035,anton,subgraph-isomorphism,unsat
afc7b108e6dabc137cf109ef3e7bda16,benchmarks/sat/satcomp2026-main/instances/273-69125c519f0a99f5-afc7b108e6dabc137cf109ef3e7bda16.cnf.xz,10168,37d0e4240897af6de4463c4faba2180391db642eac2fc9f669988ac45d30df4b,69125c519f0a99f5,kullmann,cryptography,sat
90d6cb8b040b5ad926248e8a75c0fb07,benchmarks/sat/satcomp2026-main/instances/274-6a402f8df3b342f4-90d6cb8b040b5ad926248e8a75c0fb07.cnf.xz,785480,1b4207031baaebfdd26a6f16547ca8b2e79cf376656072cc911561ef5b40e8fe,6a402f8df3b342f4,riveros,ssp-0,sat
036b541db9d0839b0591d408ff4f77ae,benchmarks/sat/satcomp2026-main/instances/275-6ae3b236550836f3-036b541db9d0839b0591d408ff4f77ae.cnf.xz,2814576,48025f27686f0e8f69ce137a5a5c96bd6997694540543e4806e9e7287d810206,6ae3b236550836f3,post,cryptography-cbmc,unsat
5f56845fa92df816e64296ccf4b0ee36,benchmarks/sat/satcomp2026-main/instances/276-6b8b8f02ad5e8867-5f56845fa92df816e64296ccf4b0ee36.cnf.xz,72644,8b702022fd6f07eab41f348aed4a8f9dc803702e2b31188e0a7cd3c0a53c94be,6b8b8f02ad5e8867,connamacher,generic-csp,sat
97c3f9247b9e1077d479372dc7d1eef0,benchmarks/sat/satcomp2026-main/instances/277-6e58965d5a180c07-97c3f9247b9e1077d479372dc7d1eef0.cnf.xz,525936,f90e188ea2ba6f02b5b9c9fa7f0b4e4ad765888167252b372a690982f7e172bd,6e58965d5a180c07,manthey,rooks,unsat
c11048ce0934980ee0ee8a3584010b96,benchmarks/sat/satcomp2026-main/instances/278-6f29afa91edd84b2-c11048ce0934980ee0ee8a3584010b96.cnf.xz,17652,4599b5edf7c7349c367c9b3d4e1bc77d4f48a98cce647e72b8640c23b079be7b,6f29afa91edd84b2,jarvisalo,miter,unsat
29a27e97790bda6c34808f631dd0418e,benchmarks/sat/satcomp2026-main/instances/279-70258e61db124b10-29a27e97790bda6c34808f631dd0418e.cnf.xz,7072,ecd69586e1e5c8504a05b52c9d3077600527c597bab5504d432fcb1b9e6881a1,70258e61db124b10,unknown,linvrinv,unknown
68a0a9507ac95146f7df7666a1e1c2bf,benchmarks/sat/satcomp2026-main/instances/280-72b42ff86f987612-68a0a9507ac95146f7df7666a1e1c2bf.cnf.xz,6216,76be4a2f208e906ad245c78d836c61ddf2cb3f394c86cb0ec2edffd23cf8d611,72b42ff86f987612,guanfeng,hgen,sat
7e3df5ae1e84d1f38d196e61db1735cb,benchmarks/sat/satcomp2026-main/instances/281-73aa699aed236052-7e3df5ae1e84d1f38d196e61db1735cb.cnf.xz,601664,5248ccb0ab78a75b15f1a78ed0c1a6d1cc3c18522d50568efba06a8ec81f0603,73aa699aed236052,oertel,relativized-pigeon-hole,unknown
873f525a6d96f7ae70338d6eac7c71f8,benchmarks/sat/satcomp2026-main/instances/282-77a4640a91e01777-873f525a6d96f7ae70338d6eac7c71f8.cnf.xz,2598516,d0d5c3ca34cbf05858733240a904f81812d276385b4c4c6b06634ea07894939d,77a4640a91e01777,heule,erdos-discrepancy,sat
09df54b3d75b42dbd0020c6b60a68fc6,benchmarks/sat/satcomp2026-main/instances/283-7907adbdeb11157e-09df54b3d75b42dbd0020c6b60a68fc6.cnf.xz,450912,d09c18654753becf835692b87bb672d72c394651d17f3d402603bc16de301354,7907adbdeb11157e,goldberg,miter,unknown
0ef5a0ae2b611f9ff05c006a74893faf,benchmarks/sat/satcomp2026-main/instances/284-7a246d6402dad217-0ef5a0ae2b611f9ff05c006a74893faf.cnf.xz,10696,529ed8f5dfd046a0b7f3b49d187a6857489227556fb832ab0e8d34fd762a777a,7a246d6402dad217,sterten,hamiltonian,unknown
b6455805d492bec6e8b3c33f0641e284,benchmarks/sat/satcomp2026-main/instances/285-7a5670cdd612347f-b6455805d492bec6e8b3c33f0641e284.cnf.xz,787412,25dfdd8608802d1131aab01fba321b9b1ac20bf9f26f636bc595b5b22329d635,7a5670cdd612347f,riveros,01-integer-programming,unknown
f55acea8f0d207becbbbd26a11d97841,benchmarks/sat/satcomp2026-main/instances/286-7b49fde86250808b-f55acea8f0d207becbbbd26a11d97841.cnf.xz,2224992,0dba7459922c6a990556b711fb593cb3c25d2969180244c38ce97c12dd94958d,7b49fde86250808b,fleury,grs-fp-comm,unsat
48cc1c3bde47c2e5d8c3eca17e9e25ee,benchmarks/sat/satcomp2026-main/instances/287-7b9e49c2802c0969-48cc1c3bde47c2e5d8c3eca17e9e25ee.cnf.xz,311752,8d63c85a4b079c6081eec36bd382229cc7f39cf6b986a3ccf5abb4440c8167ba,7b9e49c2802c0969,unknown,knights-problem,sat
af1e84bc2ab44d87d1c4c0cbf9e601c5,benchmarks/sat/satcomp2026-main/instances/288-7ed328d91a4d8abb-af1e84bc2ab44d87d1c4c0cbf9e601c5.cnf.xz,5884,e7eae3a8b73cdf234f13af656668fa27654ab11c60c3a85b4cd7b4100609dbac,7ed328d91a4d8abb,green,register-allocation,unsat
0a4880c0e882e6a4a31943522573c394,benchmarks/sat/satcomp2026-main/instances/289-80d501fed8d975d6-0a4880c0e882e6a4a31943522573c394.cnf.xz,2792552,1ddcff26a1f5b1fa0723a2c6c9fd27650d0c46f687ef982330ed2f78087506db,80d501fed8d975d6,qian,belpyramid-puzzle,unsat
901dfaac739b6cb18711faac9f5b909d,benchmarks/sat/satcomp2026-main/instances/290-81c60b02def27d1a-901dfaac739b6cb18711faac9f5b909d.cnf.xz,40100,1f255eaf8b16c5f5a71caa0ec26ae1b3932e56f7c80768d49948165119cbdffe,81c60b02def27d1a,devriendt,coloring,unsat
fb621b2b4a54ec0f01ac36daaa7f0f5b,benchmarks/sat/satcomp2026-main/instances/291-83cf0761408a149d-fb621b2b4a54ec0f01ac36daaa7f0f5b.cnf.xz,589336,45f3a0ca079e0a531a52588a1c00b13087e1bba78091ab52740e613b74f85bc8,83cf0761408a149d,heule,hamiltonian-cycle,sat
6e31e88a5dadaa3876eb5ff4293134c2,benchmarks/sat/satcomp2026-main/instances/292-8692e8f62942ed20-6e31e88a5dadaa3876eb5ff4293134c2.cnf.xz,89959164,e6b1b809f29c6e295d49877dd06cc4510b3ed327f423289324e6fdbc34a79d48,8692e8f62942ed20,osama,hashtable-safety,unsat
11f7856b53db9263e48e81a61b0573fd,benchmarks/sat/satcomp2026-main/instances/293-8865ae361dc1d0c1-11f7856b53db9263e48e81a61b0573fd.cnf.xz,131592,0edd0417e7d3c6bfc6861897219dfa89623e395b78ba1a322cfa633165b7ec12,8865ae361dc1d0c1,johnson,stedman-triples,sat
cb8f9ffb66d9b5ef663e6759be0b5e4e,benchmarks/sat/satcomp2026-main/instances/294-88dba1effe18935e-cb8f9ffb66d9b5ef663e6759be0b5e4e.cnf.xz,7284684,24d771654b0ed9359953670686de89eda780577ff33f6d71c9b8cb00abf3f9f8,88dba1effe18935e,corblin,bioinformatics,unsat
bcb2104a3558d87ac3b2107c10d54648,benchmarks/sat/satcomp2026-main/instances/295-89ae86526aada52a-bcb2104a3558d87ac3b2107c10d54648.cnf.xz,168832,91634fe6bae082831f2a3d1a947b6688fec1812b4158063ff9379ff26e5abbf0,89ae86526aada52a,grinten,puzzle,unsat
654b8939521483a797023f342e857b7a,benchmarks/sat/satcomp2026-main/instances/296-89ea7cee251f2d93-654b8939521483a797023f342e857b7a.cnf.xz,428044,a6a8079263dac601662ecb234f3eb1b28f13653d3a4ad03e4641112d79344669,89ea7cee251f2d93,arunachalam,auto-correlation,unknown
31c4aacd83bfd2aa7a9762a5b463b992,benchmarks/sat/satcomp2026-main/instances/297-8f7cb61cf9fa808d-31c4aacd83bfd2aa7a9762a5b463b992.cnf.xz,134772,3f3c84de1ff0e57654b8aaf90f203161c4f431ae6863f423205a7fac98fc13cf,8f7cb61cf9fa808d,jamali,relational-dependencies,sat
a1fdd60d2570f47fb14956ac9e96951f,benchmarks/sat/satcomp2026-main/instances/298-8fc57c2ee1b9c1c7-a1fdd60d2570f47fb14956ac9e96951f.cnf.xz,391292,a0b99339c3be42ea59cfb4d917414f217fbb16860722fe43784d255fb7d59cb3,8fc57c2ee1b9c1c7,mihal,oddball-weighing,unsat
6cf8b432f3cb27c30815f4a562986085,benchmarks/sat/satcomp2026-main/instances/299-8ffc884b2f353f25-6cf8b432f3cb27c30815f4a562986085.cnf.xz,2120268,1090a75e8cae8bbbd26e1a354b101f890a41ff8bc6f6a369d7495c9dc59dff3e,8ffc884b2f353f25,ehlers,tree-decomposition,unsat
e9b06a69c367ddb0149adf40cc03a54c,benchmarks/sat/satcomp2026-main/instances/300-907905a4606b0f18-e9b06a69c367ddb0149adf40cc03a54c.cnf.xz,75112,3147cd7b3f886e3c461ee1e27aaabfd86b920036995b3acfc533ec85e6853929,907905a4606b0f18,sabharwal,ordering-principle,unknown
bd6c171150bcac77e654657bde09f02a,benchmarks/sat/satcomp2026-main/instances/301-936519057c93e7db-bd6c171150bcac77e654657bde09f02a.cnf.xz,2797108,8aa8b7439bfa0e63bbaf5d9b96e0f08137a800b685d502e679333aa32f1252c4,936519057c93e7db,zhou,subgraph-isomorphism,sat
f18c7c7b8666458fd04ea7a253ae1e20,benchmarks/sat/satcomp2026-main/instances/302-93de13e1b82fc22d-f18c7c7b8666458fd04ea7a253ae1e20.cnf.xz,117260,ee3228fa960373a3fca13b8a115f3535bfc902ed5b5e5fd7d2fde5e494150686,93de13e1b82fc22d,sambuss,equivalence-chain-principle,unsat
6f730dd121471749dc0b4baca2573bf7,benchmarks/sat/satcomp2026-main/instances/303-945ce8294a94489c-6f730dd121471749dc0b4baca2573bf7.cnf.xz,108428,f464e21c865d4433a850d423948c993cdd04f9964e258a6321bbbe837d5ea818,945ce8294a94489c,xu,unknown-cases,sat
16c192b885060bfb2e91b913974e9ddf,benchmarks/sat/satcomp2026-main/instances/304-9535a5e2dab7e6d9-16c192b885060bfb2e91b913974e9ddf.cnf.xz,118988,ccaed885dcbbd844a8e1ecd3174607912d78d108f60aa01a87f6d75ea73d4746,9535a5e2dab7e6d9,wallner,argumentation,unknown
71c0d851d48bc4b447a437c038f62554,benchmarks/sat/satcomp2026-main/instances/305-96810d12f547bcee-71c0d851d48bc4b447a437c038f62554.cnf.xz,9968,7dfcf87a19ef09dc5515df3c8cd0459f0504a15688e2c4d89f16d4cb70015f36,96810d12f547bcee,sterten,hamiltonian,unknown
1f1bb5924a1edb28d4903ea26993e22a,benchmarks/sat/satcomp2026-main/instances/306-968228440b8a1154-1f1bb5924a1edb28d4903ea26993e22a.cnf.xz,125736,41fdfc4a015faf79ce78754055f6a72fe10765bc339c65efd4ef8276963098a5,968228440b8a1154,unknown,karatsuba-multiplication,unknown
b6105dde152f2588ef77b42bf3f3d39c,benchmarks/sat/satcomp2026-main/instances/307-97bc4290b8cdbb62-b6105dde152f2588ef77b42bf3f3d39c.cnf.xz,9531776,c98247694431929eaa42b31f5dd55d5e77f9d2fb55840dc67d2d26541e0e2d9c,97bc4290b8cdbb62,biere,antibandwidth,sat
70da0b784f49350e05c0ff8434acdc15,benchmarks/sat/satcomp2026-main/instances/308-98ed14d6e9b4a4c6-70da0b784f49350e05c0ff8434acdc15.cnf.xz,479052,dfc8869bda24a0b1fc0d555a4e554112caf76ea58a00b097380282b2fba58cb2,98ed14d6e9b4a4c6,froleyks,hardware-model-checking,unsat
eb09e5484eaf494d6c1abe60c5b38b7e,benchmarks/sat/satcomp2026-main/instances/309-99b8b9322044a231-eb09e5484eaf494d6c1abe60c5b38b7e.cnf.xz,85132,06b749a8fbb672cdb23376789531a8ba5b3c5cff7c2a57e9e43be0bcecfd5def,99b8b9322044a231,lester,minimal-superpermutation,sat
6415a71364351c0a521fdee510bc2589,benchmarks/sat/satcomp2026-main/instances/310-9a86713fa79ffdec-6415a71364351c0a521fdee510bc2589.cnf.xz,112876788,20408975fa70490cb4085d1db4602feea876313031dad74f152de6e0985b6e8e,9a86713fa79ffdec,jianmin,md5-equivalence-checking,sat
81c36c1f55a6ee8e180f53f140ce05a3,benchmarks/sat/satcomp2026-main/instances/311-9af4196c92e76ac6-81c36c1f55a6ee8e180f53f140ce05a3.cnf.xz,6696840,a13b7ed6a38b4de59c5e3c63f13dd474d4a4c2365dcfddcfad07bbf6c13abc00,9af4196c92e76ac6,riveros,01-integer-programming,sat
8530c911b75ab1b276042043d118a875,benchmarks/sat/satcomp2026-main/instances/312-9bad3aeb8029c77f-8530c911b75ab1b276042043d118a875.cnf.xz,313076,c0bbb9c8b3467812e77e92ebbdaf7cdf059909a16f2a79e6ca9605553464810d,9bad3aeb8029c77f,zhengyu,quantum-kochen-specker,unsat
e3fbc3cb7e8e131de8b7bc9e200b363e,benchmarks/sat/satcomp2026-main/instances/313-9cd818e71aa0a34c-e3fbc3cb7e8e131de8b7bc9e200b363e.cnf.xz,43457972,3c8421e4786d7a5270e1153fb80999b55f565a278666a53449386215b9551bed,9cd818e71aa0a34c,narain,alloy-vpn-models,unknown
cd78921cf08ae8e255d478574de1a46c,benchmarks/sat/satcomp2026-main/instances/314-9d933f35caaea120-cd78921cf08ae8e255d478574de1a46c.cnf.xz,4458584,e5426f011a88bb4a7ab083ebed65f34cbf2ac926d82d629071da9c7fae5a03cc,9d933f35caaea120,palacios,planning,unknown
5d54d5ce079bc2fb0df58838f5694b03,benchmarks/sat/satcomp2026-main/instances/315-9db11fd32134d52e-5d54d5ce079bc2fb0df58838f5694b03.cnf.xz,4261732,e5f6d82d86b5f0f23e95a953edf49c9bcae25028f236164c291def3dde8f259f,9db11fd32134d52e,zhenwei,equivalence-checking,unknown
55b8a9f9aa93925ef4ea71ec47362c74,benchmarks/sat/satcomp2026-main/instances/316-9e8ce26c16f14e1a-55b8a9f9aa93925ef4ea71ec47362c74.cnf.xz,9952,54349e1767e138d8aa34b07777c9a2a2cf692cc017268cbce5baa10ebbd95c4c,9e8ce26c16f14e1a,sterten,hamiltonian,unknown
cd5e97baf1afec266baf022023e78438,benchmarks/sat/satcomp2026-main/instances/317-9f16b1a4fbc60805-cd5e97baf1afec266baf022023e78438.cnf.xz,97349656,248a4933c3a87585e35f574f6508fdb8398a06d2a352c12e85e7730c1982a7fb,9f16b1a4fbc60805,werner,software-bmc,sat
bc8aa2a4826e14729c5575212e759053,benchmarks/sat/satcomp2026-main/instances/318-a0bd530a1cebb755-bc8aa2a4826e14729c5575212e759053.cnf.xz,216796,0ca9e5583e7aff6c72288a6a71c18786b56b1b064b4dd73bf9433b6c3cd08111,a0bd530a1cebb755,surynek,planning,sat
b5a4679f784c762bdaec484352c454f4,benchmarks/sat/satcomp2026-main/instances/319-a19ab0c48fc122b9-b5a4679f784c762bdaec484352c454f4.cnf.xz,15500,cc21cae429d38436c7c1193ee6beadf994ff1e04a4a52c78c0b7fa920cf95839,a19ab0c48fc122b9,spence,sgen,unsat
a0bbdb346007fcbfac1de1dd9bbf8597,benchmarks/sat/satcomp2026-main/instances/320-a1f5505e7dd6b799-a0bbdb346007fcbfac1de1dd9bbf8597.cnf.xz,25477388,fca67c25d9564a12fa9b126ebe404d1a933d214b25a5069c8de6c974fcc505f0,a1f5505e7dd6b799,schidler,hypertree-decomposition,sat
9b2e2e374d0f7dd88de1a72071b649ae,benchmarks/sat/satcomp2026-main/instances/321-a2d54c4b07029b95-9b2e2e374d0f7dd88de1a72071b649ae.cnf.xz,652560,43759f29078421dd533fb773f8658b0a00881ffedb479f71e2beb2233ac1d8d6,a2d54c4b07029b95,preiner,bitvector,sat
472d699b15f6ece3805058c8c8f6624b,benchmarks/sat/satcomp2026-main/instances/322-a483a69f8ee5954d-472d699b15f6ece3805058c8c8f6624b.cnf.xz,21152,4663b36f4f31938df2f547d60864c373ed92e0cc878f78226196e5d777530138,a483a69f8ee5954d,oertel,or_randxor,unknown
94f515f8db5e860d4ec3e71c999fef13,benchmarks/sat/satcomp2026-main/instances/323-a64c55f860301c61-94f515f8db5e860d4ec3e71c999fef13.cnf.xz,362144,90620342c53bcafa906153a75455d04e073407ecfd3ce39269160d9b9adf5f0e,a64c55f860301c61,sabharwal,planning,unsat
d2528d707d36e76d0230ed6918c97345,benchmarks/sat/satcomp2026-main/instances/324-a6cdc5d7c0376b08-d2528d707d36e76d0230ed6918c97345.cnf.xz,97216,939c7dc53ff3d69b2fa8b0e96526813f6061e2331f37825d9fa0dc1d17ea30d1,a6cdc5d7c0376b08,johnson,stedman-triples,sat
fcb1bdc828ee9258a430a0cbc634be3a,benchmarks/sat/satcomp2026-main/instances/325-a7fdd4d6e3b70691-fcb1bdc828ee9258a430a0cbc634be3a.cnf.xz,16066224,ae051021f9a4609eb84e07c710b31d092106476ef9ee9a3226b473c1759ce1c4,a7fdd4d6e3b70691,unknown,floodit-puzzle,unknown
16c1dc33dc19634d039bdb061647b842,benchmarks/sat/satcomp2026-main/instances/326-a9054887901f2fae-16c1dc33dc19634d039bdb061647b842.cnf.xz,191396,19d5ad4bc9c1e154b292ecd308e596ced1544c8dbbee061eb727b73d81290390,a9054887901f2fae,pyhala,prime-factoring,unknown
5559b178ec41efd2d5e01c12acfd304b,benchmarks/sat/satcomp2026-main/instances/327-a907ce9a33c19307-5559b178ec41efd2d5e01c12acfd304b.cnf.xz,234828,13805398ab4910c87a558141114200a316523182ada691566e553ee41c7e32db,a907ce9a33c19307,kaiser,sliding-puzzle,unknown
7b40e39148de4d5f8d9384d6937c287e,benchmarks/sat/satcomp2026-main/instances/328-a969da316dbf3dd1-7b40e39148de4d5f8d9384d6937c287e.cnf.xz,119136,a445fb128a9bb32d97939660d3270f78f6567a0bd6d8afef9070cc7e53ca2c4d,a969da316dbf3dd1,wallner,argumentation,sat
6c41186e2ee356beddb15ce4bfe5ed1e,benchmarks/sat/satcomp2026-main/instances/329-aab8ca864cdb0bd3-6c41186e2ee356beddb15ce4bfe5ed1e.cnf.xz,1497728,c40e49af4e7f64d527ddfa0e109344ad0deb95bbf03491ab4bad2d6f44f30705,aab8ca864cdb0bd3,chung,satcoin,unsat
59b8cf531821ed3e2d5bd14e1e17a467,benchmarks/sat/satcomp2026-main/instances/330-ab20668838cfa06f-59b8cf531821ed3e2d5bd14e1e17a467.cnf.xz,10600,3f347da113cd118f7576e31fe8bbff0bf52dbec0860527ea8ca50d98f24a9d1c,ab20668838cfa06f,sterten,hamiltonian,unknown
16b9e9e007133b818ec1f0868613d534,benchmarks/sat/satcomp2026-main/instances/331-ae8cffa4fee4bae2-16b9e9e007133b818ec1f0868613d534.cnf.xz,2375368,0fac19209b1d7e8d8c07614492490307bb9b7821f6f519e75112c447704e2c84,ae8cffa4fee4bae2,nejati,lam-discrete-geometry,unsat
a79e49e310a939230ea3d77fc1fb4c79,benchmarks/sat/satcomp2026-main/instances/332-af7c6ebd5d53365b-a79e49e310a939230ea3d77fc1fb4c79.cnf.xz,540232,337c718e5f7eb02de6e9cf361c94fb21dae902c7f0526fd23cf3a4c241898538,af7c6ebd5d53365b,mizh,cryptography,sat
bdc046b3aad8156a7513d3daca7c8b02,benchmarks/sat/satcomp2026-main/instances/333-afbe93eb7338ffe5-bdc046b3aad8156a7513d3daca7c8b02.cnf.xz,924024,f028295609513dc7a98c8961771ca0ff91a50b1ca04e79110c38ea87d66e0bf8,afbe93eb7338ffe5,newman,station-repacking,unknown
ef16970ab9da31165d3c401ff9b29168,benchmarks/sat/satcomp2026-main/instances/334-afbed8b6cdc4482d-ef16970ab9da31165d3c401ff9b29168.cnf.xz,78584,2be5511b64e1a625af1da7d4c97ee4f4dc7b4e090288bfa18d13b04d027c909c,afbed8b6cdc4482d,heule,heule-folkman,sat
b3d97188831c8d1d969e8fdaf64c9358,benchmarks/sat/satcomp2026-main/instances/335-b2446156ace92565-b3d97188831c8d1d969e8fdaf64c9358.cnf.xz,421692,50fb53287ce79e6f6539dcb07abf96d8dee81b8ec4f64906d69e858a18b7dcd6,b2446156ace92565,md5gen,cryptography,unknown
3b1e4e9338647be814a875ab0118d877,benchmarks/sat/satcomp2026-main/instances/336-b426b9ec05ed0bd7-3b1e4e9338647be814a875ab0118d877.cnf.xz,6130748,4addd4f7a39692f834ad30e802ea82aed79aa0bdf235c2285c3d1f18fe22c83f,b426b9ec05ed0bd7,mugrauer,auto-correlation,sat
82cad197a0b7919f1f51ec51f7267e6f,benchmarks/sat/satcomp2026-main/instances/337-b45b3a7a8baa2906-82cad197a0b7919f1f51ec51f7267e6f.cnf.xz,12835436,416e4564b60bc8ceabf840c5c14416cea90d515dc7f90c4a2b01e5589b87336d,b45b3a7a8baa2906,ehlers,tree-decomposition,unsat
8c556401f34d6c9ce2196943086ec828,benchmarks/sat/satcomp2026-main/instances/338-b4c897efac326386-8c556401f34d6c9ce2196943086ec828.cnf.xz,24232,fc5a3329d2506846601699ac31ab971a50ea8530483eb32ac115e2d784a18ce9,b4c897efac326386,unknown,philips,unsat
2a4287ec5a62566667d1b6f1e3c04326,benchmarks/sat/satcomp2026-main/instances/339-b4fec97f31d435a1-2a4287ec5a62566667d1b6f1e3c04326.cnf.xz,514444,224201e55b95be9bdc201707ea5b650180c4d70f98c39aafa6d22da9b62ba52d,b4fec97f31d435a1,prestwich,planning,sat
3509f57870e95bebcb33404051adc83c,benchmarks/sat/satcomp2026-main/instances/340-b764555686c0401a-3509f57870e95bebcb33404051adc83c.cnf.xz,866580,c1e21192ee8d2e66a8ea33b0b60dbb642957fd7fc21d6106e016d9f57f7603dd,b764555686c0401a,newman,station-repacking,unknown
aafe195ab120ca0227c97fdf190adeff,benchmarks/sat/satcomp2026-main/instances/341-b8ee348581ee0381-aafe195ab120ca0227c97fdf190adeff.cnf.xz,9309352,db77d583b5aeec7563313bc529e11d99886e41f09de79dea24ca36d3a15c3b75,b8ee348581ee0381,biere,antibandwidth,unknown
d2af3fde615d7c4d4a4574fc8839970e,benchmarks/sat/satcomp2026-main/instances/342-b9b17b4d2b688042-d2af3fde615d7c4d4a4574fc8839970e.cnf.xz,2891548,6468a16278ba39e605bad1472fc3b6e2f4f18f0ec66dd8252f1e7e92b99da685,b9b17b4d2b688042,schreiber,mechanical-master-key,sat
0fa8623240b5c14c1308f863a6dc88ab,benchmarks/sat/satcomp2026-main/instances/343-bc499af62b70b5d3-0fa8623240b5c14c1308f863a6dc88ab.cnf.xz,30456,638b91d9ad9bdcefc82934c746593c2f8124c79379e543648e1bd64e466f0205,bc499af62b70b5d3,bevan,tseitin-formulas,unsat
08063f5baf6655656a300c946aaaca60,benchmarks/sat/satcomp2026-main/instances/344-bdfdfb3b2b2cb122-08063f5baf6655656a300c946aaaca60.cnf.xz,508992,d46e73931691d2967a14b38aba892a8266cc845590ca126264376836dd56db87,bdfdfb3b2b2cb122,sabharwal,ordering-principle,unknown
3e2fe1556893706475f9dd19c1a7b8fe,benchmarks/sat/satcomp2026-main/instances/345-be399bd8553bf308-3e2fe1556893706475f9dd19c1a7b8fe.cnf.xz,12072,deb612cf3cbc6ad5a94b9729588a416aba5a148346542c7ee40fc317876f68f9,be399bd8553bf308,bryant,minimum-disagreement-parity,sat
396245861b331d45e1345bd43fe352e2,benchmarks/sat/satcomp2026-main/instances/346-be7fe1ab4f2c0af1-396245861b331d45e1345bd43fe352e2.cnf.xz,628828,91f4ba60639c7c3eed77334e35e7f51f8447f295664af4988e041d140a15cb09,be7fe1ab4f2c0af1,manthey,cryptography-ascon,sat
c37b4ce8f68fe990fa25d5bb51f478c4,benchmarks/sat/satcomp2026-main/instances/347-c04ebd2537104bd8-c37b4ce8f68fe990fa25d5bb51f478c4.cnf.xz,1507996,a2169414a0ab68897d99d5973ebb1e7b95157af57d5d38fde4eed59decf1a039,c04ebd2537104bd8,heusser,cryptography,sat
971dfda5e57470d4e547ee472898632b,benchmarks/sat/satcomp2026-main/instances/348-c09651f65e5c748b-971dfda5e57470d4e547ee472898632b.cnf.xz,709340,74b073acf6010166b9454fb11314a76d572e6d7c0be2b7b106615d32d8a8e873,c09651f65e5c748b,ibm,hardware-verification,unknown
671ea3307f4d05a2b0116d5ca6c837dc,benchmarks/sat/satcomp2026-main/instances/349-c194ff81077678f9-671ea3307f4d05a2b0116d5ca6c837dc.cnf.xz,1206424,b3dfae56ec8c406ded6b81586844debf9c1af10b1af0f9cdc7b0ed41981b34e7,c194ff81077678f9,md5gen,cryptography,unknown
e474754268d72dc2666518b8b3b68924,benchmarks/sat/satcomp2026-main/instances/350-c2c31285933668de-e474754268d72dc2666518b8b3b68924.cnf.xz,4520040,a7421abbeaf5487bce3b6d31b1dc46aa1d01e82458c02b286c7f0dc3bbf13401,c2c31285933668de,bouvier,petrinet-concurrency,unsat
20840b5020649385e3f8f4965de7a123,benchmarks/sat/satcomp2026-main/instances/351-c3498539076499e9-20840b5020649385e3f8f4965de7a123.cnf.xz,75404,13f8f72fd375830c38fbb8eed4cd2200ba3c803e2a43aed538d8be8b337f63d2,c3498539076499e9,gardam,algebra,unsat
a19a069b6c4b8ea97285ab5a859b3253,benchmarks/sat/satcomp2026-main/instances/352-c4eacbf3bf6ad3a2-a19a069b6c4b8ea97285ab5a859b3253.cnf.xz,246936,e0367b0ac97acc3bfaaf8374d2efe3822663283ff749c54d5e797a5993f511ca,c4eacbf3bf6ad3a2,yolcu,termination-analysis,sat
143eb1d5010dc720785d002ef8a9df72,benchmarks/sat/satcomp2026-main/instances/353-c5f77dae573a0cd7-143eb1d5010dc720785d002ef8a9df72.cnf.xz,55012,bc1b4e92603d08a706fe2e005a36ebb8af7894fbc9cdbb19eb10b40a967ecda3,c5f77dae573a0cd7,pehoushek,coloring,unknown
2dd79829405516b6add235e8fc4732b8,benchmarks/sat/satcomp2026-main/instances/354-c754c62a7f454aa3-2dd79829405516b6add235e8fc4732b8.cnf.xz,10276,18f99618c7aa561eb1ea453ed2c3f40d8318bd8b84c7d865d507a6340a842555,c754c62a7f454aa3,skvortsov,battleship,sat
08c21a3bc091abcb67b883061e2381c9,benchmarks/sat/satcomp2026-main/instances/355-c76db76309a76906-08c21a3bc091abcb67b883061e2381c9.cnf.xz,673896,31b607b0910a651c9d43c54a78358a09065d2dcc29e461937f31896527d404ea,c76db76309a76906,markstrom,matrix-multiplication,unknown
27570c6780aaade3dc771c6a12534fb8,benchmarks/sat/satcomp2026-main/instances/356-c8983b33dc8c16b6-27570c6780aaade3dc771c6a12534fb8.cnf.xz,886552,aaca7b9d844cfdafe565be6e71595ec503cb00c5360312d600fad6b927168380,c8983b33dc8c16b6,froleyks,independent-set-reconfiguration,sat
fdfd5975c57d7cd2264ef6aff6cb4815,benchmarks/sat/satcomp2026-main/instances/357-ca3025a7fa12c328-fdfd5975c57d7cd2264ef6aff6cb4815.cnf.xz,34364,c4b7bcf98ff7a38962d7e61fb7741d00e049180edea959833bd7377572fd97db,ca3025a7fa12c328,xindi,argumentation,sat
42906ebc9a5ca8a2bc13d54bb75101dd,benchmarks/sat/satcomp2026-main/instances/358-ca58a2c9ec2b279f-42906ebc9a5ca8a2bc13d54bb75101dd.cnf.xz,2812796,31566a187fa1b5b5b52bf116a3d6dae8923b46200854745f662bd9abf00305d2,ca58a2c9ec2b279f,lynce,social-golfer,unknown
5cbc1fe199c7f13103412496c190d649,benchmarks/sat/satcomp2026-main/instances/359-cabf2907a30ee813-5cbc1fe199c7f13103412496c190d649.cnf.xz,63132,dfe2ed8040b2a6d04f6c6de124a5414b0233e1ef1aee90853b0eaf2e48046fa1,cabf2907a30ee813,manthey,dimacs-sorter,unknown
06ac25321a9e8a0e2653ae9fc72ff939,benchmarks/sat/satcomp2026-main/instances/360-cb71d63e55bcbf18-06ac25321a9e8a0e2653ae9fc72ff939.cnf.xz,1029180,fc9a01619cb4f696f379303cf2e972270a28f14b096b82c8658fd17c33e641e0,cb71d63e55bcbf18,newman,station-repacking,unknown
887e8caf9138890d880c6f7f70474994,benchmarks/sat/satcomp2026-main/instances/361-cbcad5bab6170932-887e8caf9138890d880c6f7f70474994.cnf.xz,3556220,11aca7e656150201cfb52dfe5a386d924cd2712c57b41566c8a544b3345a3c7c,cbcad5bab6170932,manthey,at-least-two-sol,unsat
321e67cbee7c6f2baf51fee6457c166b,benchmarks/sat/satcomp2026-main/instances/362-cdc58198ff8d6262-321e67cbee7c6f2baf51fee6457c166b.cnf.xz,1385196,e2be9f58c277559a82840c49ace6f3e63916db891b9fb9d76870f9e1ee9cd339,cdc58198ff8d6262,unknown,ramseycube,unknown
39ed2761dddacaf751d15799f49582ca,benchmarks/sat/satcomp2026-main/instances/363-ced346c7be630c4e-39ed2761dddacaf751d15799f49582ca.cnf.xz,15097700,0067e6d4267905e4b675e0f4b59f6a46e1233fdb02fa4a259b109991f5228ce2,ced346c7be630c4e,schidler,hypertree-decomposition,sat
dde9ca6a4ca2c7fe7e7a8b9d8a69f485,benchmarks/sat/satcomp2026-main/instances/364-d2995dff5fbb5e1b-dde9ca6a4ca2c7fe7e7a8b9d8a69f485.cnf.xz,1773464,4fc02e1e1d59455d44ed81a01aff9797ffbd5d3e8e041e147ead35af9fc9418a,d2995dff5fbb5e1b,kummling,scheduling,sat
3c129545f090ef08b6ef89a2903ff83e,benchmarks/sat/satcomp2026-main/instances/365-d566db39dda75e88-3c129545f090ef08b6ef89a2903ff83e.cnf.xz,4259652,301f31677544b8d4b6552752934815eb20a7483521d900c7c091f4c1eb527970,d566db39dda75e88,zhenwei,equivalence-checking,unsat
1aa8a801f9c01f07c52e19d7a005233d,benchmarks/sat/satcomp2026-main/instances/366-d5c9837817348407-1aa8a801f9c01f07c52e19d7a005233d.cnf.xz,10246320,7fc71e7c2e59cc1597a2046ef3931bee4cacc1502be30682659a086b483c3332,d5c9837817348407,hartung,core-based-generator,unsat
00fd8ac9acd186a7a78a2c4d92f90de1,benchmarks/sat/satcomp2026-main/instances/367-d60393e48283df68-00fd8ac9acd186a7a78a2c4d92f90de1.cnf.xz,174293952,df8ac45bf7a2e52c0412447122ff38bbbe80eed890d437d977c1b848108d2111,d60393e48283df68,jianmin,md5-equivalence-checking,sat
7016d1da3fdfe543de3b95f96a9ffe4c,benchmarks/sat/satcomp2026-main/instances/368-d804cacb73077b39-7016d1da3fdfe543de3b95f96a9ffe4c.cnf.xz,445688,7c4d25ff28aab9a103a33e8c1a52f2dd8076be18c15a639d00905fd5295ea141,d804cacb73077b39,manthey,summle,sat
b75e930cc5242e66e868b6f1ce284518,benchmarks/sat/satcomp2026-main/instances/369-d81419812a55ec99-b75e930cc5242e66e868b6f1ce284518.cnf.xz,170532,37b9848e78c4edd0a48296350f3a4af22df3048502d9abc8fd86bb6e7cd647f1,d81419812a55ec99,lester,scheduling,sat
8fcc57f6c75cb2ac48d19e3038ad3c6c,benchmarks/sat/satcomp2026-main/instances/370-d92565205f62deed-8fcc57f6c75cb2ac48d19e3038ad3c6c.cnf.xz,499988,052e35fabaa2b618baffecd9b09ce271c1ade3a67401afb8eed58fbf3cba5cf0,d92565205f62deed,manthey,cryptography-ascon,unsat
8a3c3fcd0a82ad06d8df65e59c961494,benchmarks/sat/satcomp2026-main/instances/371-d9c5b62150bcbdd7-8a3c3fcd0a82ad06d8df65e59c961494.cnf.xz,7336,eabd4ed5368f75f44888ce87f2325fe2d60dfa0900fa0182d53d11d89219853a,d9c5b62150bcbdd7,skvortsov,battleship,unknown
8d0d8d3bf320c710d2691ff31032dc01,benchmarks/sat/satcomp2026-main/instances/372-db101a6aa6a31464-8d0d8d3bf320c710d2691ff31032dc01.cnf.xz,3223988,def36dc679c9e70364d44b13178227c656a77cb294f0deaedf3de41674459d20,db101a6aa6a31464,riveros,sum-of-3-cubes,unknown
e8abb9c83efdd96a99990f3b914ea873,benchmarks/sat/satcomp2026-main/instances/373-dbbd30f945db712d-e8abb9c83efdd96a99990f3b914ea873.cnf.xz,20548112,08aac2d10329ecfee379b5c2f45374878baa3da803ab9dbdd1410ca8c815d027,dbbd30f945db712d,osama,software-verification,unsat
1651f84d3891b29f3125d69f4356c763,benchmarks/sat/satcomp2026-main/instances/374-dbdddf4dbef1b530-1651f84d3891b29f3125d69f4356c763.cnf.xz,89640,8fd4501ce01a414fb7c8cd25538c9ea5fc7f83b550fcfb7b7d1c054f84a625f9,dbdddf4dbef1b530,dellacherie,hardware-verification,unknown
86baeee562934b47e2df25a53842d612,benchmarks/sat/satcomp2026-main/instances/375-deccb2f840c60c83-86baeee562934b47e2df25a53842d612.cnf.xz,706740,eff3300369feeac35afa9a4ee3206a91563b5c5840b36c7ccc99cb40889b3748,deccb2f840c60c83,ibm,hardware-verification,unsat
bdc85226a8d910a8b7d6a8730c7a4572,benchmarks/sat/satcomp2026-main/instances/376-e071911d899e4854-bdc85226a8d910a8b7d6a8730c7a4572.cnf.xz,4344336,ab2e3689531e869d95c728e0b4750fe34fbd04fb2138f629d2f87b278f4d4796,e071911d899e4854,chowdhury,profitable-robust-production,sat
9e7fcd9893a2abee4d76bc3b57d9ffa1,benchmarks/sat/satcomp2026-main/instances/377-e149deca233ba642-9e7fcd9893a2abee4d76bc3b57d9ffa1.cnf.xz,2193544,a75b9fba8123e82b2e71b86e78ddc6f03f4cc06fd42e8d1d3a64c90f4b7eecb1,e149deca233ba642,hickey,baseball-lineup,sat
b30761234d4a6da4d9553dd790abafb8,benchmarks/sat/satcomp2026-main/instances/378-e153fe820b28efe4-b30761234d4a6da4d9553dd790abafb8.cnf.xz,1080908,c1cb3863efe1ee1afb1b7b689d90ad8a973837c5aa4ace6ba3a7af797756cd02,e153fe820b28efe4,oertel,ordering-principle-xor,unknown
7e21850936d6127540157afaaf912c02,benchmarks/sat/satcomp2026-main/instances/379-e1891ed2d3877017-7e21850936d6127540157afaaf912c02.cnf.xz,36312,21e57804ffd244b0725396e088ef5729b9ed7525d6f7c7ee9173c4a205a8c891,e1891ed2d3877017,bevan,tseitin-formulas,unknown
7c9be82940f96f69877db7777ee7d76d,benchmarks/sat/satcomp2026-main/instances/380-e5c01ca0577ac0ec-7c9be82940f96f69877db7777ee7d76d.cnf.xz,10894000,ce94833e43dd5b5ea9d681622312883adbd5b1b3235cb2a32f705696e62673ea,e5c01ca0577ac0ec,narain,alloy-vpn-models,sat
4a0a14efaba970fefe9bf4f5aaba0d7b,benchmarks/sat/satcomp2026-main/instances/381-ec0cb1c611e629b0-4a0a14efaba970fefe9bf4f5aaba0d7b.cnf.xz,50784,82313595278cd5ee19312bf5908bd02ffc3b2d1adf3c4132a6099fc3dc9389b6,ec0cb1c611e629b0,elffers,tseitin-formulas,unsat
b15a3af9fb61d5a8d95d3a1bf743bbff,benchmarks/sat/satcomp2026-main/instances/382-ecf44959682897f3-b15a3af9fb61d5a8d95d3a1bf743bbff.cnf.xz,25508,ba97cc049ed4eb917a5e5c358e801351519dc7d6558a2decae58a8d16e8fb440,ecf44959682897f3,elffers,relativized-pigeon-hole,unsat
3a07646b52c82ef8e8b024cb235ec2ae,benchmarks/sat/satcomp2026-main/instances/383-ed5d7cd65d3d7e9b-3a07646b52c82ef8e8b024cb235ec2ae.cnf.xz,2734500,90b82cccec368dd4ca8be2509137670f9ca2bb0e27eb6d84b0186587ee02d951,ed5d7cd65d3d7e9b,post,cryptography-cbmc,unsat
ff3fb90712683b3e0f722c5c3f38818c,benchmarks/sat/satcomp2026-main/instances/384-edefac42d376f5d1-ff3fb90712683b3e0f722c5c3f38818c.cnf.xz,4376,bd0d26d03e971703f4e64ae48076a8335a8c52d7020904134f725d4dc80447ce,edefac42d376f5d1,xindi,scheduling,unknown
48a5850f06cbdc6fc21836fa0f933450,benchmarks/sat/satcomp2026-main/instances/385-ee988bfa8785b0c0-48a5850f06cbdc6fc21836fa0f933450.cnf.xz,207284,9339fbf309a13c54239ac0562a6dbc5593809a239180f1a4590878b0b128b561,ee988bfa8785b0c0,unknown,circuit-multiplier,unknown
1e43089090db421e981fe62b3f3dbce7,benchmarks/sat/satcomp2026-main/instances/386-f1870297156d4bc2-1e43089090db421e981fe62b3f3dbce7.cnf.xz,34124,14fd5596e8e6366afef575d354cd2b5ede10961d3b27067288a77e9f58d914d8,f1870297156d4bc2,wedler,miter,unknown
d5928883c1e1f70764a31a83aa419eaf,benchmarks/sat/satcomp2026-main/instances/387-f3f5773a672a37ce-d5928883c1e1f70764a31a83aa419eaf.cnf.xz,4257624,394137bb98ebd035cd62ee2bc4d62b9610ea18d82737d287f0664780edf0b7bf,f3f5773a672a37ce,zhenwei,equivalence-checking,unsat
b26e88b9b0d4b6f9e6ae95efe0b8df02,benchmarks/sat/satcomp2026-main/instances/388-f544158b719841a8-b26e88b9b0d4b6f9e6ae95efe0b8df02.cnf.xz,72620,2fcca35b7fe43b8c422678a22b3c7f75c04f0f38343cc2922289d28f73f8e3ca,f544158b719841a8,huang,rbsat,sat
28a870507c3f380e45106bb6353d63ec,benchmarks/sat/satcomp2026-main/instances/389-f5f554fcc3ff2a6a-28a870507c3f380e45106bb6353d63ec.cnf.xz,454984,c0998f37a491dbead733bc9d844a4e610361eefdb47a48cd09edf3c7ab4c0b7d,f5f554fcc3ff2a6a,xinyan,circuit-equivalence-checking,unsat
180e6d8b61fe6bab26126b78591e324e,benchmarks/sat/satcomp2026-main/instances/390-f7a846c95bc1f0ce-180e6d8b61fe6bab26126b78591e324e.cnf.xz,6366952,32011f483030197306b88c9cc705630a2f1ab47a02263ae87af132f5ed40d528,f7a846c95bc1f0ce,hickey,baseball-lineup,sat
fd972d87a0e61efaba7890da38a12f8c,benchmarks/sat/satcomp2026-main/instances/391-f80c62c12bf5716e-fd972d87a0e61efaba7890da38a12f8c.cnf.xz,25674748,983949a3319ae73c12bcce76004e5766465886147e0d24e28a465c41bd3815a6,f80c62c12bf5716e,frioux,cril-misc,unsat
2c9dc96b7a8b0410e64dd33f7e00a0c1,benchmarks/sat/satcomp2026-main/instances/392-fa006acadd5620cf-2c9dc96b7a8b0410e64dd33f7e00a0c1.cnf.xz,27708,3a878ae23339a1b4be42bc4eda93acab1bc0df5b4a0bfd96f9ba86c60a810be5,fa006acadd5620cf,zhang,cryptography-simon,sat
4d6e18e506b7e62d3f32cc775219be24,benchmarks/sat/satcomp2026-main/instances/393-fa0f51c80956804f-4d6e18e506b7e62d3f32cc775219be24.cnf.xz,121069508,54f944489a9cc27db21dad359d0f76cc09db1c6685dde6efa871a12e9194dfbc,fa0f51c80956804f,chowdhury,graceful-production,sat
a5127f38ce2562ea99a52b7046a5b8bc,benchmarks/sat/satcomp2026-main/instances/394-fa2d96bef4dfa3b7-a5127f38ce2562ea99a52b7046a5b8bc.cnf.xz,125787840,c83458939e1d85596cf23b50ef4905cf79cbe293b220bbf6e572b336ed3dcbbd,fa2d96bef4dfa3b7,unknown,edge-matching,unknown
c1b8dc3ea01db626524016f9f50fbd61,benchmarks/sat/satcomp2026-main/instances/395-fa7e1964421e1746-c1b8dc3ea01db626524016f9f50fbd61.cnf.xz,81792,7fda79628e2f85c1924bd0f4937894cc34370bddf79c2a1fe1c3e849aa7e7d77,fa7e1964421e1746,jingchao,rubikcube,unknown
b5cede38496a803dcfa155a5f4295c47,benchmarks/sat/satcomp2026-main/instances/396-fc85009d50b774cf-b5cede38496a803dcfa155a5f4295c47.cnf.xz,1353084,0316abb9efeba537c3e6e71ee68716b73f557e6639d97a9c33bad0a8333d1cb2,fc85009d50b774cf,tchinda,school-timetabling,sat
0a4b9ce30540d2103d65e44994d206a5,benchmarks/sat/satcomp2026-main/instances/397-fcd88bac689a5c21-0a4b9ce30540d2103d65e44994d206a5.cnf.xz,191524,0726192268bbc022b510ea78827e9b6d67373dd7654b5bb6c520bcecdbda238e,fcd88bac689a5c21,pyhala,prime-factoring,sat
07c50b89d97a55b6e1629999a445a2ba,benchmarks/sat/satcomp2026-main/instances/398-fce5273f00f8fb06-07c50b89d97a55b6e1629999a445a2ba.cnf.xz,202080,a49027688dd36c8e6358bd129c687436d6b715c86a0acd3d9b960af646839616,fce5273f00f8fb06,kummling,scheduling,unsat
81bced94e5f672f0bb0bab7dd298d11c,benchmarks/sat/satcomp2026-main/instances/399-fd0a019d158c2535-81bced94e5f672f0bb0bab7dd298d11c.cnf.xz,22776,df552ca8d6fc44c20af2db907be779401b20f89d9b25ab303813e28611798c62,fd0a019d158c2535,bebel,prime-factoring,sat
739d22475aa7ade1ed5033285c1eab0c,benchmarks/sat/satcomp2026-main/instances/400-fdfba546f9590299-739d22475aa7ade1ed5033285c1eab0c.cnf.xz,2113936,e146027fb3023f030415f8510f3d0878acb882304d1d9b4a84e6541da7b68a9c,fdfba546f9590299,bouvier,petrinet-concurrency,sat
