Z3_add_const_interp	coverage-not-yet-authenticated	No authenticated per-call runtime marker exists yet; typed compilation and symbol resolution do not prove executed callability.
Z3_add_rec_def	coverage-not-yet-authenticated	No authenticated per-call runtime marker exists yet; typed compilation and symbol resolution do not prove executed callability.
Z3_algebraic_add	coverage-not-yet-authenticated	No authenticated per-call runtime marker exists yet; typed compilation and symbol resolution do not prove executed callability.
Z3_algebraic_div	coverage-not-yet-authenticated	No authenticated per-call runtime marker exists yet; typed compilation and symbol resolution do not prove executed callability.
Z3_algebraic_eq	coverage-not-yet-authenticated	No authenticated per-call runtime marker exists yet; typed compilation and symbol resolution do not prove executed callability.
Z3_algebraic_ge	coverage-not-yet-authenticated	No authenticated per-call runtime marker exists yet; typed compilation and symbol resolution do not prove executed callability.
Z3_algebraic_get_i	coverage-not-yet-authenticated	No authenticated per-call runtime marker exists yet; typed compilation and symbol resolution do not prove executed callability.
Z3_algebraic_get_poly	coverage-not-yet-authenticated	No authenticated per-call runtime marker exists yet; typed compilation and symbol resolution do not prove executed callability.
Z3_algebraic_gt	coverage-not-yet-authenticated	No authenticated per-call runtime marker exists yet; typed compilation and symbol resolution do not prove executed callability.
Z3_algebraic_is_neg	coverage-not-yet-authenticated	No authenticated per-call runtime marker exists yet; typed compilation and symbol resolution do not prove executed callability.
Z3_algebraic_is_pos	coverage-not-yet-authenticated	No authenticated per-call runtime marker exists yet; typed compilation and symbol resolution do not prove executed callability.
Z3_algebraic_le	coverage-not-yet-authenticated	No authenticated per-call runtime marker exists yet; typed compilation and symbol resolution do not prove executed callability.
Z3_algebraic_lt	coverage-not-yet-authenticated	No authenticated per-call runtime marker exists yet; typed compilation and symbol resolution do not prove executed callability.
Z3_algebraic_mul	coverage-not-yet-authenticated	No authenticated per-call runtime marker exists yet; typed compilation and symbol resolution do not prove executed callability.
Z3_algebraic_neq	coverage-not-yet-authenticated	No authenticated per-call runtime marker exists yet; typed compilation and symbol resolution do not prove executed callability.
Z3_algebraic_power	coverage-not-yet-authenticated	No authenticated per-call runtime marker exists yet; typed compilation and symbol resolution do not prove executed callability.
Z3_algebraic_root	coverage-not-yet-authenticated	No authenticated per-call runtime marker exists yet; typed compilation and symbol resolution do not prove executed callability.
Z3_algebraic_roots	coverage-not-yet-authenticated	No authenticated per-call runtime marker exists yet; typed compilation and symbol resolution do not prove executed callability.
Z3_algebraic_sign	coverage-not-yet-authenticated	No authenticated per-call runtime marker exists yet; typed compilation and symbol resolution do not prove executed callability.
Z3_algebraic_sub	coverage-not-yet-authenticated	No authenticated per-call runtime marker exists yet; typed compilation and symbol resolution do not prove executed callability.
Z3_app_to_ast	coverage-not-yet-authenticated	No authenticated per-call runtime marker exists yet; typed compilation and symbol resolution do not prove executed callability.
Z3_append_log	process-global-filesystem	Requires an isolated open/append/close log protocol and cleanup; unsafe to share with parallel solver probes.
Z3_ast_map_contains	coverage-not-yet-authenticated	No authenticated per-call runtime marker exists yet; typed compilation and symbol resolution do not prove executed callability.
Z3_ast_map_erase	coverage-not-yet-authenticated	No authenticated per-call runtime marker exists yet; typed compilation and symbol resolution do not prove executed callability.
Z3_ast_map_find	coverage-not-yet-authenticated	No authenticated per-call runtime marker exists yet; typed compilation and symbol resolution do not prove executed callability.
Z3_ast_map_insert	coverage-not-yet-authenticated	No authenticated per-call runtime marker exists yet; typed compilation and symbol resolution do not prove executed callability.
Z3_ast_map_keys	coverage-not-yet-authenticated	No authenticated per-call runtime marker exists yet; typed compilation and symbol resolution do not prove executed callability.
Z3_ast_map_reset	coverage-not-yet-authenticated	No authenticated per-call runtime marker exists yet; typed compilation and symbol resolution do not prove executed callability.
Z3_ast_map_size	coverage-not-yet-authenticated	No authenticated per-call runtime marker exists yet; typed compilation and symbol resolution do not prove executed callability.
Z3_ast_map_to_string	coverage-not-yet-authenticated	No authenticated per-call runtime marker exists yet; typed compilation and symbol resolution do not prove executed callability.
Z3_ast_vector_get	coverage-not-yet-authenticated	No authenticated per-call runtime marker exists yet; typed compilation and symbol resolution do not prove executed callability.
Z3_ast_vector_resize	coverage-not-yet-authenticated	No authenticated per-call runtime marker exists yet; typed compilation and symbol resolution do not prove executed callability.
Z3_ast_vector_set	coverage-not-yet-authenticated	No authenticated per-call runtime marker exists yet; typed compilation and symbol resolution do not prove executed callability.
Z3_ast_vector_size	coverage-not-yet-authenticated	No authenticated per-call runtime marker exists yet; typed compilation and symbol resolution do not prove executed callability.
Z3_ast_vector_to_string	coverage-not-yet-authenticated	No authenticated per-call runtime marker exists yet; typed compilation and symbol resolution do not prove executed callability.
Z3_ast_vector_translate	coverage-not-yet-authenticated	No authenticated per-call runtime marker exists yet; typed compilation and symbol resolution do not prove executed callability.
Z3_close_log	process-global-filesystem	Requires an isolated open/append/close log protocol and cleanup; unsafe to share with parallel solver probes.
Z3_dec_ref	coverage-not-yet-authenticated	No authenticated per-call runtime marker exists yet; typed compilation and symbol resolution do not prove executed callability.
Z3_del_constructor_list	coverage-not-yet-authenticated	No authenticated per-call runtime marker exists yet; typed compilation and symbol resolution do not prove executed callability.
Z3_disable_trace	process-global-state	Mutates the process-wide trace registry and can interfere with concurrent tests.
Z3_enable_concurrent_dec_ref	process-global-lifecycle	Must be configured before relevant context lifetimes and changes global reclamation behavior.
Z3_enable_trace	process-global-state	Mutates the process-wide trace registry and can interfere with concurrent tests.
Z3_eval_smtlib2_string	coverage-not-yet-authenticated	No authenticated per-call runtime marker exists yet; typed compilation and symbol resolution do not prove executed callability.
Z3_finalize_memory	destructive-process-global	Finalizes global allocator state and can invalidate every later probe in the process.
Z3_fixedpoint_add_callback	callback-protocol	Requires a retained callback context and a real fixedpoint solve that exercises lemma/predecessor/unfold events.
Z3_fixedpoint_add_constraint	coverage-not-yet-authenticated	No authenticated per-call runtime marker exists yet; typed compilation and symbol resolution do not prove executed callability.
Z3_fixedpoint_add_cover	coverage-not-yet-authenticated	No authenticated per-call runtime marker exists yet; typed compilation and symbol resolution do not prove executed callability.
Z3_fixedpoint_add_fact	unwired-stateful-fixture	Requires a registered relation with typed columns and a follow-up reachability assertion.
Z3_fixedpoint_add_invariant	coverage-not-yet-authenticated	No authenticated per-call runtime marker exists yet; typed compilation and symbol resolution do not prove executed callability.
Z3_fixedpoint_add_rule	coverage-not-yet-authenticated	No authenticated per-call runtime marker exists yet; typed compilation and symbol resolution do not prove executed callability.
Z3_fixedpoint_assert	coverage-not-yet-authenticated	No authenticated per-call runtime marker exists yet; typed compilation and symbol resolution do not prove executed callability.
Z3_fixedpoint_dec_ref	coverage-not-yet-authenticated	No authenticated per-call runtime marker exists yet; typed compilation and symbol resolution do not prove executed callability.
Z3_fixedpoint_from_file	filesystem-protocol	Requires an isolated authenticated fixedpoint script file and cleanup.
Z3_fixedpoint_from_string	known-ay-divergence	AY explicitly rejects Z3 fixedpoint/Datalog scripts instead of parsing them.
Z3_fixedpoint_get_answer	coverage-not-yet-authenticated	No authenticated per-call runtime marker exists yet; typed compilation and symbol resolution do not prove executed callability.
Z3_fixedpoint_get_assertions	coverage-not-yet-authenticated	No authenticated per-call runtime marker exists yet; typed compilation and symbol resolution do not prove executed callability.
Z3_fixedpoint_get_cover_delta	coverage-not-yet-authenticated	No authenticated per-call runtime marker exists yet; typed compilation and symbol resolution do not prove executed callability.
Z3_fixedpoint_get_ground_sat_answer	unwired-fixedpoint-trace	Requires a proven reachable query with a retained concrete counterexample.
Z3_fixedpoint_get_help	unwired-stateful-fixture	Valid fixedpoint-handle observation is not yet in the authenticated stock probe.
Z3_fixedpoint_get_num_levels	coverage-not-yet-authenticated	No authenticated per-call runtime marker exists yet; typed compilation and symbol resolution do not prove executed callability.
Z3_fixedpoint_get_param_descrs	unwired-stateful-fixture	Needs descriptor contents and parameter effects compared, not merely a non-null handle.
Z3_fixedpoint_get_reachable	known-ay-divergence	AY does not expose Spacer's reachable-state under-approximation.
Z3_fixedpoint_get_reason_unknown	coverage-not-yet-authenticated	No authenticated per-call runtime marker exists yet; typed compilation and symbol resolution do not prove executed callability.
Z3_fixedpoint_get_rule_names_along_trace	unwired-fixedpoint-trace	Requires a proven reachable named-rule query with a retained counterexample trace.
Z3_fixedpoint_get_rules	unwired-stateful-fixture	Requires named and unnamed rule insertion with exact ordered readback assertions.
Z3_fixedpoint_get_rules_along_trace	unwired-fixedpoint-trace	Requires a proven reachable query with a retained counterexample trace.
Z3_fixedpoint_get_statistics	coverage-not-yet-authenticated	No authenticated per-call runtime marker exists yet; typed compilation and symbol resolution do not prove executed callability.
Z3_fixedpoint_inc_ref	coverage-not-yet-authenticated	No authenticated per-call runtime marker exists yet; typed compilation and symbol resolution do not prove executed callability.
Z3_fixedpoint_init	callback-protocol	Requires a callback-state lifetime shared with reduce callbacks during a real query.
Z3_fixedpoint_query	coverage-not-yet-authenticated	No authenticated per-call runtime marker exists yet; typed compilation and symbol resolution do not prove executed callability.
Z3_fixedpoint_query_from_lvl	unwired-stateful-fixture	Requires a registered relation/rule fixture with level-sensitive expected behavior.
Z3_fixedpoint_query_relations	unwired-stateful-fixture	Requires multiple registered relations and a distinguishing any-reachable query.
Z3_fixedpoint_register_relation	coverage-not-yet-authenticated	No authenticated per-call runtime marker exists yet; typed compilation and symbol resolution do not prove executed callability.
Z3_fixedpoint_set_params	unwired-stateful-fixture	Needs an observable parameter effect on a bounded fixedpoint solve.
Z3_fixedpoint_set_predicate_representation	known-ay-divergence	AY does not expose Z3's Datalog predicate-representation selection.
Z3_fixedpoint_set_reduce_app_callback	callback-protocol	Requires a retained callback and a query that invokes application reduction.
Z3_fixedpoint_set_reduce_assign_callback	callback-protocol	Requires a retained callback and a query that invokes assignment reduction.
Z3_fixedpoint_to_string	coverage-not-yet-authenticated	No authenticated per-call runtime marker exists yet; typed compilation and symbol resolution do not prove executed callability.
Z3_fixedpoint_update_rule	unwired-stateful-fixture	Requires same-name rule replacement followed by a distinguishing reachability query.
Z3_fpa_get_ebits	coverage-not-yet-authenticated	No authenticated per-call runtime marker exists yet; typed compilation and symbol resolution do not prove executed callability.
Z3_fpa_get_numeral_sign	coverage-not-yet-authenticated	No authenticated per-call runtime marker exists yet; typed compilation and symbol resolution do not prove executed callability.
Z3_fpa_get_sbits	coverage-not-yet-authenticated	No authenticated per-call runtime marker exists yet; typed compilation and symbol resolution do not prove executed callability.
Z3_fpa_is_numeral	coverage-not-yet-authenticated	No authenticated per-call runtime marker exists yet; typed compilation and symbol resolution do not prove executed callability.
Z3_fpa_is_numeral_inf	coverage-not-yet-authenticated	No authenticated per-call runtime marker exists yet; typed compilation and symbol resolution do not prove executed callability.
Z3_fpa_is_numeral_nan	coverage-not-yet-authenticated	No authenticated per-call runtime marker exists yet; typed compilation and symbol resolution do not prove executed callability.
Z3_fpa_is_numeral_normal	coverage-not-yet-authenticated	No authenticated per-call runtime marker exists yet; typed compilation and symbol resolution do not prove executed callability.
Z3_fpa_is_numeral_positive	coverage-not-yet-authenticated	No authenticated per-call runtime marker exists yet; typed compilation and symbol resolution do not prove executed callability.
Z3_fpa_is_numeral_zero	coverage-not-yet-authenticated	No authenticated per-call runtime marker exists yet; typed compilation and symbol resolution do not prove executed callability.
Z3_func_decl_to_ast	coverage-not-yet-authenticated	No authenticated per-call runtime marker exists yet; typed compilation and symbol resolution do not prove executed callability.
Z3_func_decl_to_string	coverage-not-yet-authenticated	No authenticated per-call runtime marker exists yet; typed compilation and symbol resolution do not prove executed callability.
Z3_func_entry_dec_ref	coverage-not-yet-authenticated	No authenticated per-call runtime marker exists yet; typed compilation and symbol resolution do not prove executed callability.
Z3_func_entry_get_arg	coverage-not-yet-authenticated	No authenticated per-call runtime marker exists yet; typed compilation and symbol resolution do not prove executed callability.
Z3_func_entry_get_num_args	coverage-not-yet-authenticated	No authenticated per-call runtime marker exists yet; typed compilation and symbol resolution do not prove executed callability.
Z3_func_entry_get_value	coverage-not-yet-authenticated	No authenticated per-call runtime marker exists yet; typed compilation and symbol resolution do not prove executed callability.
Z3_func_entry_inc_ref	coverage-not-yet-authenticated	No authenticated per-call runtime marker exists yet; typed compilation and symbol resolution do not prove executed callability.
Z3_func_interp_get_arity	coverage-not-yet-authenticated	No authenticated per-call runtime marker exists yet; typed compilation and symbol resolution do not prove executed callability.
Z3_func_interp_get_else	coverage-not-yet-authenticated	No authenticated per-call runtime marker exists yet; typed compilation and symbol resolution do not prove executed callability.
Z3_func_interp_get_entry	coverage-not-yet-authenticated	No authenticated per-call runtime marker exists yet; typed compilation and symbol resolution do not prove executed callability.
Z3_func_interp_get_num_entries	coverage-not-yet-authenticated	No authenticated per-call runtime marker exists yet; typed compilation and symbol resolution do not prove executed callability.
Z3_get_algebraic_number_lower	coverage-not-yet-authenticated	No authenticated per-call runtime marker exists yet; typed compilation and symbol resolution do not prove executed callability.
Z3_get_algebraic_number_upper	coverage-not-yet-authenticated	No authenticated per-call runtime marker exists yet; typed compilation and symbol resolution do not prove executed callability.
Z3_get_app_arg	coverage-not-yet-authenticated	No authenticated per-call runtime marker exists yet; typed compilation and symbol resolution do not prove executed callability.
Z3_get_app_decl	coverage-not-yet-authenticated	No authenticated per-call runtime marker exists yet; typed compilation and symbol resolution do not prove executed callability.
Z3_get_app_num_args	coverage-not-yet-authenticated	No authenticated per-call runtime marker exists yet; typed compilation and symbol resolution do not prove executed callability.
Z3_get_arity	coverage-not-yet-authenticated	No authenticated per-call runtime marker exists yet; typed compilation and symbol resolution do not prove executed callability.
Z3_get_array_arity	coverage-not-yet-authenticated	No authenticated per-call runtime marker exists yet; typed compilation and symbol resolution do not prove executed callability.
Z3_get_array_sort_domain	coverage-not-yet-authenticated	No authenticated per-call runtime marker exists yet; typed compilation and symbol resolution do not prove executed callability.
Z3_get_array_sort_domain_n	coverage-not-yet-authenticated	No authenticated per-call runtime marker exists yet; typed compilation and symbol resolution do not prove executed callability.
Z3_get_array_sort_range	coverage-not-yet-authenticated	No authenticated per-call runtime marker exists yet; typed compilation and symbol resolution do not prove executed callability.
Z3_get_as_array_func_decl	coverage-not-yet-authenticated	No authenticated per-call runtime marker exists yet; typed compilation and symbol resolution do not prove executed callability.
Z3_get_ast_hash	coverage-not-yet-authenticated	No authenticated per-call runtime marker exists yet; typed compilation and symbol resolution do not prove executed callability.
Z3_get_ast_id	coverage-not-yet-authenticated	No authenticated per-call runtime marker exists yet; typed compilation and symbol resolution do not prove executed callability.
Z3_get_ast_kind	coverage-not-yet-authenticated	No authenticated per-call runtime marker exists yet; typed compilation and symbol resolution do not prove executed callability.
Z3_get_bool_value	coverage-not-yet-authenticated	No authenticated per-call runtime marker exists yet; typed compilation and symbol resolution do not prove executed callability.
Z3_get_bv_sort_size	coverage-not-yet-authenticated	No authenticated per-call runtime marker exists yet; typed compilation and symbol resolution do not prove executed callability.
Z3_get_datatype_sort_constructor	coverage-not-yet-authenticated	No authenticated per-call runtime marker exists yet; typed compilation and symbol resolution do not prove executed callability.
Z3_get_datatype_sort_constructor_accessor	coverage-not-yet-authenticated	No authenticated per-call runtime marker exists yet; typed compilation and symbol resolution do not prove executed callability.
Z3_get_datatype_sort_num_constructors	coverage-not-yet-authenticated	No authenticated per-call runtime marker exists yet; typed compilation and symbol resolution do not prove executed callability.
Z3_get_datatype_sort_recognizer	coverage-not-yet-authenticated	No authenticated per-call runtime marker exists yet; typed compilation and symbol resolution do not prove executed callability.
Z3_get_decl_ast_parameter	unavailable-parameter-fixture	No authenticated constructor currently produces a declaration with an AST-valued parameter.
Z3_get_decl_double_parameter	unavailable-parameter-fixture	No authenticated constructor currently produces a declaration with a double-valued parameter.
Z3_get_decl_func_decl_parameter	unavailable-parameter-fixture	No authenticated constructor currently produces a declaration with a function-declaration parameter.
Z3_get_decl_int_parameter	coverage-not-yet-authenticated	No authenticated per-call runtime marker exists yet; typed compilation and symbol resolution do not prove executed callability.
Z3_get_decl_kind	coverage-not-yet-authenticated	No authenticated per-call runtime marker exists yet; typed compilation and symbol resolution do not prove executed callability.
Z3_get_decl_name	coverage-not-yet-authenticated	No authenticated per-call runtime marker exists yet; typed compilation and symbol resolution do not prove executed callability.
Z3_get_decl_num_parameters	coverage-not-yet-authenticated	No authenticated per-call runtime marker exists yet; typed compilation and symbol resolution do not prove executed callability.
Z3_get_decl_parameter_kind	coverage-not-yet-authenticated	No authenticated per-call runtime marker exists yet; typed compilation and symbol resolution do not prove executed callability.
Z3_get_decl_rational_parameter	unavailable-parameter-fixture	No authenticated constructor currently produces a declaration with a rational-valued parameter.
Z3_get_decl_sort_parameter	coverage-not-yet-authenticated	No authenticated per-call runtime marker exists yet; typed compilation and symbol resolution do not prove executed callability.
Z3_get_decl_symbol_parameter	unavailable-parameter-fixture	No authenticated constructor currently produces a declaration with a symbol-valued parameter.
Z3_get_denominator	coverage-not-yet-authenticated	No authenticated per-call runtime marker exists yet; typed compilation and symbol resolution do not prove executed callability.
Z3_get_depth	coverage-not-yet-authenticated	No authenticated per-call runtime marker exists yet; typed compilation and symbol resolution do not prove executed callability.
Z3_get_domain	coverage-not-yet-authenticated	No authenticated per-call runtime marker exists yet; typed compilation and symbol resolution do not prove executed callability.
Z3_get_domain_size	coverage-not-yet-authenticated	No authenticated per-call runtime marker exists yet; typed compilation and symbol resolution do not prove executed callability.
Z3_get_error_code	coverage-not-yet-authenticated	No authenticated per-call runtime marker exists yet; typed compilation and symbol resolution do not prove executed callability.
Z3_get_error_msg	coverage-not-yet-authenticated	No authenticated per-call runtime marker exists yet; typed compilation and symbol resolution do not prove executed callability.
Z3_get_finite_domain_sort_size	coverage-not-yet-authenticated	No authenticated per-call runtime marker exists yet; typed compilation and symbol resolution do not prove executed callability.
Z3_get_finite_set_sort_basis	coverage-not-yet-authenticated	No authenticated per-call runtime marker exists yet; typed compilation and symbol resolution do not prove executed callability.
Z3_get_full_version	coverage-not-yet-authenticated	No authenticated per-call runtime marker exists yet; typed compilation and symbol resolution do not prove executed callability.
Z3_get_func_decl_id	coverage-not-yet-authenticated	No authenticated per-call runtime marker exists yet; typed compilation and symbol resolution do not prove executed callability.
Z3_get_global_param_descrs	known-ay-divergence	AY currently returns an empty global descriptor set where Z3 exposes populated descriptors.
Z3_get_implied_equalities	coverage-not-yet-authenticated	No authenticated per-call runtime marker exists yet; typed compilation and symbol resolution do not prove executed callability.
Z3_get_index_value	coverage-not-yet-authenticated	No authenticated per-call runtime marker exists yet; typed compilation and symbol resolution do not prove executed callability.
Z3_get_lstring	coverage-not-yet-authenticated	No authenticated per-call runtime marker exists yet; typed compilation and symbol resolution do not prove executed callability.
Z3_get_num_probes	coverage-not-yet-authenticated	No authenticated per-call runtime marker exists yet; typed compilation and symbol resolution do not prove executed callability.
Z3_get_num_simplifiers	coverage-not-yet-authenticated	No authenticated per-call runtime marker exists yet; typed compilation and symbol resolution do not prove executed callability.
Z3_get_num_tactics	coverage-not-yet-authenticated	No authenticated per-call runtime marker exists yet; typed compilation and symbol resolution do not prove executed callability.
Z3_get_numeral_binary_string	coverage-not-yet-authenticated	No authenticated per-call runtime marker exists yet; typed compilation and symbol resolution do not prove executed callability.
Z3_get_numeral_decimal_string	coverage-not-yet-authenticated	No authenticated per-call runtime marker exists yet; typed compilation and symbol resolution do not prove executed callability.
Z3_get_numeral_double	coverage-not-yet-authenticated	No authenticated per-call runtime marker exists yet; typed compilation and symbol resolution do not prove executed callability.
Z3_get_numeral_int	coverage-not-yet-authenticated	No authenticated per-call runtime marker exists yet; typed compilation and symbol resolution do not prove executed callability.
Z3_get_numeral_int64	coverage-not-yet-authenticated	No authenticated per-call runtime marker exists yet; typed compilation and symbol resolution do not prove executed callability.
Z3_get_numeral_rational_int64	coverage-not-yet-authenticated	No authenticated per-call runtime marker exists yet; typed compilation and symbol resolution do not prove executed callability.
Z3_get_numeral_small	coverage-not-yet-authenticated	No authenticated per-call runtime marker exists yet; typed compilation and symbol resolution do not prove executed callability.
Z3_get_numeral_string	coverage-not-yet-authenticated	No authenticated per-call runtime marker exists yet; typed compilation and symbol resolution do not prove executed callability.
Z3_get_numerator	coverage-not-yet-authenticated	No authenticated per-call runtime marker exists yet; typed compilation and symbol resolution do not prove executed callability.
Z3_get_pattern	coverage-not-yet-authenticated	No authenticated per-call runtime marker exists yet; typed compilation and symbol resolution do not prove executed callability.
Z3_get_pattern_num_terms	coverage-not-yet-authenticated	No authenticated per-call runtime marker exists yet; typed compilation and symbol resolution do not prove executed callability.
Z3_get_probe_name	coverage-not-yet-authenticated	No authenticated per-call runtime marker exists yet; typed compilation and symbol resolution do not prove executed callability.
Z3_get_quantifier_body	coverage-not-yet-authenticated	No authenticated per-call runtime marker exists yet; typed compilation and symbol resolution do not prove executed callability.
Z3_get_quantifier_bound_sort	coverage-not-yet-authenticated	No authenticated per-call runtime marker exists yet; typed compilation and symbol resolution do not prove executed callability.
Z3_get_quantifier_id	coverage-not-yet-authenticated	No authenticated per-call runtime marker exists yet; typed compilation and symbol resolution do not prove executed callability.
Z3_get_quantifier_num_patterns	coverage-not-yet-authenticated	No authenticated per-call runtime marker exists yet; typed compilation and symbol resolution do not prove executed callability.
Z3_get_quantifier_pattern_ast	coverage-not-yet-authenticated	No authenticated per-call runtime marker exists yet; typed compilation and symbol resolution do not prove executed callability.
Z3_get_quantifier_skolem_id	coverage-not-yet-authenticated	No authenticated per-call runtime marker exists yet; typed compilation and symbol resolution do not prove executed callability.
Z3_get_range	coverage-not-yet-authenticated	No authenticated per-call runtime marker exists yet; typed compilation and symbol resolution do not prove executed callability.
Z3_get_re_sort_basis	coverage-not-yet-authenticated	No authenticated per-call runtime marker exists yet; typed compilation and symbol resolution do not prove executed callability.
Z3_get_relation_arity	coverage-not-yet-authenticated	No authenticated per-call runtime marker exists yet; typed compilation and symbol resolution do not prove executed callability.
Z3_get_relation_column	unavailable-relation-sort	The public surface has no constructor for a relation sort and AY explicitly rejects relation-sort introspection.
Z3_get_seq_sort_basis	coverage-not-yet-authenticated	No authenticated per-call runtime marker exists yet; typed compilation and symbol resolution do not prove executed callability.
Z3_get_simplifier_name	coverage-not-yet-authenticated	No authenticated per-call runtime marker exists yet; typed compilation and symbol resolution do not prove executed callability.
Z3_get_sort_id	coverage-not-yet-authenticated	No authenticated per-call runtime marker exists yet; typed compilation and symbol resolution do not prove executed callability.
Z3_get_sort_kind	coverage-not-yet-authenticated	No authenticated per-call runtime marker exists yet; typed compilation and symbol resolution do not prove executed callability.
Z3_get_sort_name	coverage-not-yet-authenticated	No authenticated per-call runtime marker exists yet; typed compilation and symbol resolution do not prove executed callability.
Z3_get_string_contents	coverage-not-yet-authenticated	No authenticated per-call runtime marker exists yet; typed compilation and symbol resolution do not prove executed callability.
Z3_get_string_length	coverage-not-yet-authenticated	No authenticated per-call runtime marker exists yet; typed compilation and symbol resolution do not prove executed callability.
Z3_get_symbol_int	coverage-not-yet-authenticated	No authenticated per-call runtime marker exists yet; typed compilation and symbol resolution do not prove executed callability.
Z3_get_symbol_kind	coverage-not-yet-authenticated	No authenticated per-call runtime marker exists yet; typed compilation and symbol resolution do not prove executed callability.
Z3_get_symbol_string	coverage-not-yet-authenticated	No authenticated per-call runtime marker exists yet; typed compilation and symbol resolution do not prove executed callability.
Z3_get_tactic_name	coverage-not-yet-authenticated	No authenticated per-call runtime marker exists yet; typed compilation and symbol resolution do not prove executed callability.
Z3_get_tuple_sort_field_decl	coverage-not-yet-authenticated	No authenticated per-call runtime marker exists yet; typed compilation and symbol resolution do not prove executed callability.
Z3_get_tuple_sort_mk_decl	coverage-not-yet-authenticated	No authenticated per-call runtime marker exists yet; typed compilation and symbol resolution do not prove executed callability.
Z3_get_tuple_sort_num_fields	coverage-not-yet-authenticated	No authenticated per-call runtime marker exists yet; typed compilation and symbol resolution do not prove executed callability.
Z3_get_version	coverage-not-yet-authenticated	No authenticated per-call runtime marker exists yet; typed compilation and symbol resolution do not prove executed callability.
Z3_global_param_get	coverage-not-yet-authenticated	No authenticated per-call runtime marker exists yet; typed compilation and symbol resolution do not prove executed callability.
Z3_global_param_reset_all	coverage-not-yet-authenticated	No authenticated per-call runtime marker exists yet; typed compilation and symbol resolution do not prove executed callability.
Z3_global_param_set	coverage-not-yet-authenticated	No authenticated per-call runtime marker exists yet; typed compilation and symbol resolution do not prove executed callability.
Z3_goal_depth	coverage-not-yet-authenticated	No authenticated per-call runtime marker exists yet; typed compilation and symbol resolution do not prove executed callability.
Z3_goal_formula	coverage-not-yet-authenticated	No authenticated per-call runtime marker exists yet; typed compilation and symbol resolution do not prove executed callability.
Z3_goal_inconsistent	coverage-not-yet-authenticated	No authenticated per-call runtime marker exists yet; typed compilation and symbol resolution do not prove executed callability.
Z3_goal_is_decided_sat	coverage-not-yet-authenticated	No authenticated per-call runtime marker exists yet; typed compilation and symbol resolution do not prove executed callability.
Z3_goal_is_decided_unsat	coverage-not-yet-authenticated	No authenticated per-call runtime marker exists yet; typed compilation and symbol resolution do not prove executed callability.
Z3_goal_num_exprs	coverage-not-yet-authenticated	No authenticated per-call runtime marker exists yet; typed compilation and symbol resolution do not prove executed callability.
Z3_goal_precision	coverage-not-yet-authenticated	No authenticated per-call runtime marker exists yet; typed compilation and symbol resolution do not prove executed callability.
Z3_goal_reset	coverage-not-yet-authenticated	No authenticated per-call runtime marker exists yet; typed compilation and symbol resolution do not prove executed callability.
Z3_goal_size	coverage-not-yet-authenticated	No authenticated per-call runtime marker exists yet; typed compilation and symbol resolution do not prove executed callability.
Z3_goal_to_string	coverage-not-yet-authenticated	No authenticated per-call runtime marker exists yet; typed compilation and symbol resolution do not prove executed callability.
Z3_goal_translate	coverage-not-yet-authenticated	No authenticated per-call runtime marker exists yet; typed compilation and symbol resolution do not prove executed callability.
Z3_inc_ref	coverage-not-yet-authenticated	No authenticated per-call runtime marker exists yet; typed compilation and symbol resolution do not prove executed callability.
Z3_is_algebraic_number	coverage-not-yet-authenticated	No authenticated per-call runtime marker exists yet; typed compilation and symbol resolution do not prove executed callability.
Z3_is_as_array	coverage-not-yet-authenticated	No authenticated per-call runtime marker exists yet; typed compilation and symbol resolution do not prove executed callability.
Z3_is_char_sort	coverage-not-yet-authenticated	No authenticated per-call runtime marker exists yet; typed compilation and symbol resolution do not prove executed callability.
Z3_is_eq_func_decl	coverage-not-yet-authenticated	No authenticated per-call runtime marker exists yet; typed compilation and symbol resolution do not prove executed callability.
Z3_is_finite_set_sort	coverage-not-yet-authenticated	No authenticated per-call runtime marker exists yet; typed compilation and symbol resolution do not prove executed callability.
Z3_is_ground	coverage-not-yet-authenticated	No authenticated per-call runtime marker exists yet; typed compilation and symbol resolution do not prove executed callability.
Z3_is_lambda	coverage-not-yet-authenticated	No authenticated per-call runtime marker exists yet; typed compilation and symbol resolution do not prove executed callability.
Z3_is_re_sort	coverage-not-yet-authenticated	No authenticated per-call runtime marker exists yet; typed compilation and symbol resolution do not prove executed callability.
Z3_is_seq_sort	coverage-not-yet-authenticated	No authenticated per-call runtime marker exists yet; typed compilation and symbol resolution do not prove executed callability.
Z3_is_string_sort	coverage-not-yet-authenticated	No authenticated per-call runtime marker exists yet; typed compilation and symbol resolution do not prove executed callability.
Z3_mk_abs	coverage-not-yet-authenticated	No authenticated per-call runtime marker exists yet; typed compilation and symbol resolution do not prove executed callability.
Z3_mk_add	coverage-not-yet-authenticated	No authenticated per-call runtime marker exists yet; typed compilation and symbol resolution do not prove executed callability.
Z3_mk_and	coverage-not-yet-authenticated	No authenticated per-call runtime marker exists yet; typed compilation and symbol resolution do not prove executed callability.
Z3_mk_array_default	coverage-not-yet-authenticated	No authenticated per-call runtime marker exists yet; typed compilation and symbol resolution do not prove executed callability.
Z3_mk_array_ext	coverage-not-yet-authenticated	No authenticated per-call runtime marker exists yet; typed compilation and symbol resolution do not prove executed callability.
Z3_mk_array_sort	coverage-not-yet-authenticated	No authenticated per-call runtime marker exists yet; typed compilation and symbol resolution do not prove executed callability.
Z3_mk_array_sort_n	coverage-not-yet-authenticated	No authenticated per-call runtime marker exists yet; typed compilation and symbol resolution do not prove executed callability.
Z3_mk_as_array	coverage-not-yet-authenticated	No authenticated per-call runtime marker exists yet; typed compilation and symbol resolution do not prove executed callability.
Z3_mk_atleast	coverage-not-yet-authenticated	No authenticated per-call runtime marker exists yet; typed compilation and symbol resolution do not prove executed callability.
Z3_mk_atmost	coverage-not-yet-authenticated	No authenticated per-call runtime marker exists yet; typed compilation and symbol resolution do not prove executed callability.
Z3_mk_bit2bool	coverage-not-yet-authenticated	No authenticated per-call runtime marker exists yet; typed compilation and symbol resolution do not prove executed callability.
Z3_mk_bool_sort	coverage-not-yet-authenticated	No authenticated per-call runtime marker exists yet; typed compilation and symbol resolution do not prove executed callability.
Z3_mk_bv2int	coverage-not-yet-authenticated	No authenticated per-call runtime marker exists yet; typed compilation and symbol resolution do not prove executed callability.
Z3_mk_bvadd	coverage-not-yet-authenticated	No authenticated per-call runtime marker exists yet; typed compilation and symbol resolution do not prove executed callability.
Z3_mk_bvand	coverage-not-yet-authenticated	No authenticated per-call runtime marker exists yet; typed compilation and symbol resolution do not prove executed callability.
Z3_mk_bvashr	coverage-not-yet-authenticated	No authenticated per-call runtime marker exists yet; typed compilation and symbol resolution do not prove executed callability.
Z3_mk_bvlshr	coverage-not-yet-authenticated	No authenticated per-call runtime marker exists yet; typed compilation and symbol resolution do not prove executed callability.
Z3_mk_bvmul	coverage-not-yet-authenticated	No authenticated per-call runtime marker exists yet; typed compilation and symbol resolution do not prove executed callability.
Z3_mk_bvor	coverage-not-yet-authenticated	No authenticated per-call runtime marker exists yet; typed compilation and symbol resolution do not prove executed callability.
Z3_mk_bvshl	coverage-not-yet-authenticated	No authenticated per-call runtime marker exists yet; typed compilation and symbol resolution do not prove executed callability.
Z3_mk_bvsle	coverage-not-yet-authenticated	No authenticated per-call runtime marker exists yet; typed compilation and symbol resolution do not prove executed callability.
Z3_mk_bvslt	coverage-not-yet-authenticated	No authenticated per-call runtime marker exists yet; typed compilation and symbol resolution do not prove executed callability.
Z3_mk_bvudiv	coverage-not-yet-authenticated	No authenticated per-call runtime marker exists yet; typed compilation and symbol resolution do not prove executed callability.
Z3_mk_bvule	coverage-not-yet-authenticated	No authenticated per-call runtime marker exists yet; typed compilation and symbol resolution do not prove executed callability.
Z3_mk_bvult	coverage-not-yet-authenticated	No authenticated per-call runtime marker exists yet; typed compilation and symbol resolution do not prove executed callability.
Z3_mk_bvxor	coverage-not-yet-authenticated	No authenticated per-call runtime marker exists yet; typed compilation and symbol resolution do not prove executed callability.
Z3_mk_char	coverage-not-yet-authenticated	No authenticated per-call runtime marker exists yet; typed compilation and symbol resolution do not prove executed callability.
Z3_mk_char_from_bv	coverage-not-yet-authenticated	No authenticated per-call runtime marker exists yet; typed compilation and symbol resolution do not prove executed callability.
Z3_mk_char_is_digit	coverage-not-yet-authenticated	No authenticated per-call runtime marker exists yet; typed compilation and symbol resolution do not prove executed callability.
Z3_mk_char_le	coverage-not-yet-authenticated	No authenticated per-call runtime marker exists yet; typed compilation and symbol resolution do not prove executed callability.
Z3_mk_char_sort	coverage-not-yet-authenticated	No authenticated per-call runtime marker exists yet; typed compilation and symbol resolution do not prove executed callability.
Z3_mk_char_to_bv	coverage-not-yet-authenticated	No authenticated per-call runtime marker exists yet; typed compilation and symbol resolution do not prove executed callability.
Z3_mk_char_to_int	coverage-not-yet-authenticated	No authenticated per-call runtime marker exists yet; typed compilation and symbol resolution do not prove executed callability.
Z3_mk_concat	coverage-not-yet-authenticated	No authenticated per-call runtime marker exists yet; typed compilation and symbol resolution do not prove executed callability.
Z3_mk_const_array	coverage-not-yet-authenticated	No authenticated per-call runtime marker exists yet; typed compilation and symbol resolution do not prove executed callability.
Z3_mk_constructor_list	coverage-not-yet-authenticated	No authenticated per-call runtime marker exists yet; typed compilation and symbol resolution do not prove executed callability.
Z3_mk_context_rc	coverage-not-yet-authenticated	No authenticated per-call runtime marker exists yet; typed compilation and symbol resolution do not prove executed callability.
Z3_mk_datatype	coverage-not-yet-authenticated	No authenticated per-call runtime marker exists yet; typed compilation and symbol resolution do not prove executed callability.
Z3_mk_datatypes	coverage-not-yet-authenticated	No authenticated per-call runtime marker exists yet; typed compilation and symbol resolution do not prove executed callability.
Z3_mk_distinct	coverage-not-yet-authenticated	No authenticated per-call runtime marker exists yet; typed compilation and symbol resolution do not prove executed callability.
Z3_mk_div	coverage-not-yet-authenticated	No authenticated per-call runtime marker exists yet; typed compilation and symbol resolution do not prove executed callability.
Z3_mk_divides	coverage-not-yet-authenticated	No authenticated per-call runtime marker exists yet; typed compilation and symbol resolution do not prove executed callability.
Z3_mk_exists_const	coverage-not-yet-authenticated	No authenticated per-call runtime marker exists yet; typed compilation and symbol resolution do not prove executed callability.
Z3_mk_extract	coverage-not-yet-authenticated	No authenticated per-call runtime marker exists yet; typed compilation and symbol resolution do not prove executed callability.
Z3_mk_false	coverage-not-yet-authenticated	No authenticated per-call runtime marker exists yet; typed compilation and symbol resolution do not prove executed callability.
Z3_mk_finite_domain_sort	coverage-not-yet-authenticated	No authenticated per-call runtime marker exists yet; typed compilation and symbol resolution do not prove executed callability.
Z3_mk_finite_set_difference	coverage-not-yet-authenticated	No authenticated per-call runtime marker exists yet; typed compilation and symbol resolution do not prove executed callability.
Z3_mk_finite_set_empty	coverage-not-yet-authenticated	No authenticated per-call runtime marker exists yet; typed compilation and symbol resolution do not prove executed callability.
Z3_mk_finite_set_filter	coverage-not-yet-authenticated	No authenticated per-call runtime marker exists yet; typed compilation and symbol resolution do not prove executed callability.
Z3_mk_finite_set_intersect	coverage-not-yet-authenticated	No authenticated per-call runtime marker exists yet; typed compilation and symbol resolution do not prove executed callability.
Z3_mk_finite_set_map	coverage-not-yet-authenticated	No authenticated per-call runtime marker exists yet; typed compilation and symbol resolution do not prove executed callability.
Z3_mk_finite_set_member	coverage-not-yet-authenticated	No authenticated per-call runtime marker exists yet; typed compilation and symbol resolution do not prove executed callability.
Z3_mk_finite_set_range	coverage-not-yet-authenticated	No authenticated per-call runtime marker exists yet; typed compilation and symbol resolution do not prove executed callability.
Z3_mk_finite_set_singleton	coverage-not-yet-authenticated	No authenticated per-call runtime marker exists yet; typed compilation and symbol resolution do not prove executed callability.
Z3_mk_finite_set_size	coverage-not-yet-authenticated	No authenticated per-call runtime marker exists yet; typed compilation and symbol resolution do not prove executed callability.
Z3_mk_finite_set_sort	coverage-not-yet-authenticated	No authenticated per-call runtime marker exists yet; typed compilation and symbol resolution do not prove executed callability.
Z3_mk_finite_set_subset	coverage-not-yet-authenticated	No authenticated per-call runtime marker exists yet; typed compilation and symbol resolution do not prove executed callability.
Z3_mk_finite_set_union	coverage-not-yet-authenticated	No authenticated per-call runtime marker exists yet; typed compilation and symbol resolution do not prove executed callability.
Z3_mk_fixedpoint	coverage-not-yet-authenticated	No authenticated per-call runtime marker exists yet; typed compilation and symbol resolution do not prove executed callability.
Z3_mk_forall_const	coverage-not-yet-authenticated	No authenticated per-call runtime marker exists yet; typed compilation and symbol resolution do not prove executed callability.
Z3_mk_fpa_add	coverage-not-yet-authenticated	No authenticated per-call runtime marker exists yet; typed compilation and symbol resolution do not prove executed callability.
Z3_mk_fpa_eq	coverage-not-yet-authenticated	No authenticated per-call runtime marker exists yet; typed compilation and symbol resolution do not prove executed callability.
Z3_mk_fpa_fma	coverage-not-yet-authenticated	No authenticated per-call runtime marker exists yet; typed compilation and symbol resolution do not prove executed callability.
Z3_mk_fpa_inf	coverage-not-yet-authenticated	No authenticated per-call runtime marker exists yet; typed compilation and symbol resolution do not prove executed callability.
Z3_mk_fpa_is_infinite	coverage-not-yet-authenticated	No authenticated per-call runtime marker exists yet; typed compilation and symbol resolution do not prove executed callability.
Z3_mk_fpa_is_nan	coverage-not-yet-authenticated	No authenticated per-call runtime marker exists yet; typed compilation and symbol resolution do not prove executed callability.
Z3_mk_fpa_lt	coverage-not-yet-authenticated	No authenticated per-call runtime marker exists yet; typed compilation and symbol resolution do not prove executed callability.
Z3_mk_fpa_nan	coverage-not-yet-authenticated	No authenticated per-call runtime marker exists yet; typed compilation and symbol resolution do not prove executed callability.
Z3_mk_fpa_numeral_double	coverage-not-yet-authenticated	No authenticated per-call runtime marker exists yet; typed compilation and symbol resolution do not prove executed callability.
Z3_mk_fpa_numeral_int	coverage-not-yet-authenticated	No authenticated per-call runtime marker exists yet; typed compilation and symbol resolution do not prove executed callability.
Z3_mk_fpa_rna	coverage-not-yet-authenticated	No authenticated per-call runtime marker exists yet; typed compilation and symbol resolution do not prove executed callability.
Z3_mk_fpa_round_nearest_ties_to_away	coverage-not-yet-authenticated	No authenticated per-call runtime marker exists yet; typed compilation and symbol resolution do not prove executed callability.
Z3_mk_fpa_round_nearest_ties_to_even	coverage-not-yet-authenticated	No authenticated per-call runtime marker exists yet; typed compilation and symbol resolution do not prove executed callability.
Z3_mk_fpa_round_to_integral	coverage-not-yet-authenticated	No authenticated per-call runtime marker exists yet; typed compilation and symbol resolution do not prove executed callability.
Z3_mk_fpa_round_toward_negative	coverage-not-yet-authenticated	No authenticated per-call runtime marker exists yet; typed compilation and symbol resolution do not prove executed callability.
Z3_mk_fpa_round_toward_positive	coverage-not-yet-authenticated	No authenticated per-call runtime marker exists yet; typed compilation and symbol resolution do not prove executed callability.
Z3_mk_fpa_round_toward_zero	coverage-not-yet-authenticated	No authenticated per-call runtime marker exists yet; typed compilation and symbol resolution do not prove executed callability.
Z3_mk_fpa_rounding_mode_sort	coverage-not-yet-authenticated	No authenticated per-call runtime marker exists yet; typed compilation and symbol resolution do not prove executed callability.
Z3_mk_fpa_rtn	coverage-not-yet-authenticated	No authenticated per-call runtime marker exists yet; typed compilation and symbol resolution do not prove executed callability.
Z3_mk_fpa_rtp	coverage-not-yet-authenticated	No authenticated per-call runtime marker exists yet; typed compilation and symbol resolution do not prove executed callability.
Z3_mk_fpa_rtz	coverage-not-yet-authenticated	No authenticated per-call runtime marker exists yet; typed compilation and symbol resolution do not prove executed callability.
Z3_mk_fpa_sort	coverage-not-yet-authenticated	No authenticated per-call runtime marker exists yet; typed compilation and symbol resolution do not prove executed callability.
Z3_mk_fpa_sort_128	coverage-not-yet-authenticated	No authenticated per-call runtime marker exists yet; typed compilation and symbol resolution do not prove executed callability.
Z3_mk_fpa_sort_16	coverage-not-yet-authenticated	No authenticated per-call runtime marker exists yet; typed compilation and symbol resolution do not prove executed callability.
Z3_mk_fpa_sort_64	coverage-not-yet-authenticated	No authenticated per-call runtime marker exists yet; typed compilation and symbol resolution do not prove executed callability.
Z3_mk_fpa_sort_double	coverage-not-yet-authenticated	No authenticated per-call runtime marker exists yet; typed compilation and symbol resolution do not prove executed callability.
Z3_mk_fpa_sort_half	coverage-not-yet-authenticated	No authenticated per-call runtime marker exists yet; typed compilation and symbol resolution do not prove executed callability.
Z3_mk_fpa_sort_quadruple	coverage-not-yet-authenticated	No authenticated per-call runtime marker exists yet; typed compilation and symbol resolution do not prove executed callability.
Z3_mk_fpa_sort_single	coverage-not-yet-authenticated	No authenticated per-call runtime marker exists yet; typed compilation and symbol resolution do not prove executed callability.
Z3_mk_fpa_sqrt	coverage-not-yet-authenticated	No authenticated per-call runtime marker exists yet; typed compilation and symbol resolution do not prove executed callability.
Z3_mk_fpa_to_fp_float	coverage-not-yet-authenticated	No authenticated per-call runtime marker exists yet; typed compilation and symbol resolution do not prove executed callability.
Z3_mk_fpa_to_fp_int_real	coverage-not-yet-authenticated	No authenticated per-call runtime marker exists yet; typed compilation and symbol resolution do not prove executed callability.
Z3_mk_fpa_to_fp_real	coverage-not-yet-authenticated	No authenticated per-call runtime marker exists yet; typed compilation and symbol resolution do not prove executed callability.
Z3_mk_fpa_to_fp_signed	coverage-not-yet-authenticated	No authenticated per-call runtime marker exists yet; typed compilation and symbol resolution do not prove executed callability.
Z3_mk_fpa_to_fp_unsigned	coverage-not-yet-authenticated	No authenticated per-call runtime marker exists yet; typed compilation and symbol resolution do not prove executed callability.
Z3_mk_fpa_to_sbv	coverage-not-yet-authenticated	No authenticated per-call runtime marker exists yet; typed compilation and symbol resolution do not prove executed callability.
Z3_mk_fpa_to_ubv	coverage-not-yet-authenticated	No authenticated per-call runtime marker exists yet; typed compilation and symbol resolution do not prove executed callability.
Z3_mk_fpa_zero	coverage-not-yet-authenticated	No authenticated per-call runtime marker exists yet; typed compilation and symbol resolution do not prove executed callability.
Z3_mk_fresh_const	coverage-not-yet-authenticated	No authenticated per-call runtime marker exists yet; typed compilation and symbol resolution do not prove executed callability.
Z3_mk_fresh_func_decl	coverage-not-yet-authenticated	No authenticated per-call runtime marker exists yet; typed compilation and symbol resolution do not prove executed callability.
Z3_mk_full_set	coverage-not-yet-authenticated	No authenticated per-call runtime marker exists yet; typed compilation and symbol resolution do not prove executed callability.
Z3_mk_ge	coverage-not-yet-authenticated	No authenticated per-call runtime marker exists yet; typed compilation and symbol resolution do not prove executed callability.
Z3_mk_gt	coverage-not-yet-authenticated	No authenticated per-call runtime marker exists yet; typed compilation and symbol resolution do not prove executed callability.
Z3_mk_iff	coverage-not-yet-authenticated	No authenticated per-call runtime marker exists yet; typed compilation and symbol resolution do not prove executed callability.
Z3_mk_implies	coverage-not-yet-authenticated	No authenticated per-call runtime marker exists yet; typed compilation and symbol resolution do not prove executed callability.
Z3_mk_int2bv	coverage-not-yet-authenticated	No authenticated per-call runtime marker exists yet; typed compilation and symbol resolution do not prove executed callability.
Z3_mk_int64	coverage-not-yet-authenticated	No authenticated per-call runtime marker exists yet; typed compilation and symbol resolution do not prove executed callability.
Z3_mk_int_symbol	coverage-not-yet-authenticated	No authenticated per-call runtime marker exists yet; typed compilation and symbol resolution do not prove executed callability.
Z3_mk_int_to_str	coverage-not-yet-authenticated	No authenticated per-call runtime marker exists yet; typed compilation and symbol resolution do not prove executed callability.
Z3_mk_ite	coverage-not-yet-authenticated	No authenticated per-call runtime marker exists yet; typed compilation and symbol resolution do not prove executed callability.
Z3_mk_lambda	coverage-not-yet-authenticated	No authenticated per-call runtime marker exists yet; typed compilation and symbol resolution do not prove executed callability.
Z3_mk_lambda_const	coverage-not-yet-authenticated	No authenticated per-call runtime marker exists yet; typed compilation and symbol resolution do not prove executed callability.
Z3_mk_le	coverage-not-yet-authenticated	No authenticated per-call runtime marker exists yet; typed compilation and symbol resolution do not prove executed callability.
Z3_mk_linear_order	coverage-not-yet-authenticated	No authenticated per-call runtime marker exists yet; typed compilation and symbol resolution do not prove executed callability.
Z3_mk_lt	coverage-not-yet-authenticated	No authenticated per-call runtime marker exists yet; typed compilation and symbol resolution do not prove executed callability.
Z3_mk_map	coverage-not-yet-authenticated	No authenticated per-call runtime marker exists yet; typed compilation and symbol resolution do not prove executed callability.
Z3_mk_mul	coverage-not-yet-authenticated	No authenticated per-call runtime marker exists yet; typed compilation and symbol resolution do not prove executed callability.
Z3_mk_not	coverage-not-yet-authenticated	No authenticated per-call runtime marker exists yet; typed compilation and symbol resolution do not prove executed callability.
Z3_mk_optimize	coverage-not-yet-authenticated	No authenticated per-call runtime marker exists yet; typed compilation and symbol resolution do not prove executed callability.
Z3_mk_or	coverage-not-yet-authenticated	No authenticated per-call runtime marker exists yet; typed compilation and symbol resolution do not prove executed callability.
Z3_mk_parser_context	coverage-not-yet-authenticated	No authenticated per-call runtime marker exists yet; typed compilation and symbol resolution do not prove executed callability.
Z3_mk_partial_order	coverage-not-yet-authenticated	No authenticated per-call runtime marker exists yet; typed compilation and symbol resolution do not prove executed callability.
Z3_mk_pbeq	coverage-not-yet-authenticated	No authenticated per-call runtime marker exists yet; typed compilation and symbol resolution do not prove executed callability.
Z3_mk_pbge	coverage-not-yet-authenticated	No authenticated per-call runtime marker exists yet; typed compilation and symbol resolution do not prove executed callability.
Z3_mk_pble	coverage-not-yet-authenticated	No authenticated per-call runtime marker exists yet; typed compilation and symbol resolution do not prove executed callability.
Z3_mk_piecewise_linear_order	coverage-not-yet-authenticated	No authenticated per-call runtime marker exists yet; typed compilation and symbol resolution do not prove executed callability.
Z3_mk_polymorphic_datatype	known-ay-divergence	AY explicitly rejects parametric datatypes instead of constructing a polymorphic datatype.
Z3_mk_power	coverage-not-yet-authenticated	No authenticated per-call runtime marker exists yet; typed compilation and symbol resolution do not prove executed callability.
Z3_mk_quantifier_const_ex	coverage-not-yet-authenticated	No authenticated per-call runtime marker exists yet; typed compilation and symbol resolution do not prove executed callability.
Z3_mk_re_loop	coverage-not-yet-authenticated	No authenticated per-call runtime marker exists yet; typed compilation and symbol resolution do not prove executed callability.
Z3_mk_re_sort	coverage-not-yet-authenticated	No authenticated per-call runtime marker exists yet; typed compilation and symbol resolution do not prove executed callability.
Z3_mk_real	coverage-not-yet-authenticated	No authenticated per-call runtime marker exists yet; typed compilation and symbol resolution do not prove executed callability.
Z3_mk_rec_func_decl	coverage-not-yet-authenticated	No authenticated per-call runtime marker exists yet; typed compilation and symbol resolution do not prove executed callability.
Z3_mk_rem	coverage-not-yet-authenticated	No authenticated per-call runtime marker exists yet; typed compilation and symbol resolution do not prove executed callability.
Z3_mk_repeat	coverage-not-yet-authenticated	No authenticated per-call runtime marker exists yet; typed compilation and symbol resolution do not prove executed callability.
Z3_mk_rotate_left	coverage-not-yet-authenticated	No authenticated per-call runtime marker exists yet; typed compilation and symbol resolution do not prove executed callability.
Z3_mk_rotate_right	coverage-not-yet-authenticated	No authenticated per-call runtime marker exists yet; typed compilation and symbol resolution do not prove executed callability.
Z3_mk_select	coverage-not-yet-authenticated	No authenticated per-call runtime marker exists yet; typed compilation and symbol resolution do not prove executed callability.
Z3_mk_select_n	coverage-not-yet-authenticated	No authenticated per-call runtime marker exists yet; typed compilation and symbol resolution do not prove executed callability.
Z3_mk_seq_at	coverage-not-yet-authenticated	No authenticated per-call runtime marker exists yet; typed compilation and symbol resolution do not prove executed callability.
Z3_mk_seq_concat	coverage-not-yet-authenticated	No authenticated per-call runtime marker exists yet; typed compilation and symbol resolution do not prove executed callability.
Z3_mk_seq_contains	coverage-not-yet-authenticated	No authenticated per-call runtime marker exists yet; typed compilation and symbol resolution do not prove executed callability.
Z3_mk_seq_empty	coverage-not-yet-authenticated	No authenticated per-call runtime marker exists yet; typed compilation and symbol resolution do not prove executed callability.
Z3_mk_seq_extract	coverage-not-yet-authenticated	No authenticated per-call runtime marker exists yet; typed compilation and symbol resolution do not prove executed callability.
Z3_mk_seq_foldl	coverage-not-yet-authenticated	No authenticated per-call runtime marker exists yet; typed compilation and symbol resolution do not prove executed callability.
Z3_mk_seq_foldli	coverage-not-yet-authenticated	No authenticated per-call runtime marker exists yet; typed compilation and symbol resolution do not prove executed callability.
Z3_mk_seq_index	coverage-not-yet-authenticated	No authenticated per-call runtime marker exists yet; typed compilation and symbol resolution do not prove executed callability.
Z3_mk_seq_length	coverage-not-yet-authenticated	No authenticated per-call runtime marker exists yet; typed compilation and symbol resolution do not prove executed callability.
Z3_mk_seq_map	coverage-not-yet-authenticated	No authenticated per-call runtime marker exists yet; typed compilation and symbol resolution do not prove executed callability.
Z3_mk_seq_mapi	coverage-not-yet-authenticated	No authenticated per-call runtime marker exists yet; typed compilation and symbol resolution do not prove executed callability.
Z3_mk_seq_nth	coverage-not-yet-authenticated	No authenticated per-call runtime marker exists yet; typed compilation and symbol resolution do not prove executed callability.
Z3_mk_seq_prefix	coverage-not-yet-authenticated	No authenticated per-call runtime marker exists yet; typed compilation and symbol resolution do not prove executed callability.
Z3_mk_seq_replace	coverage-not-yet-authenticated	No authenticated per-call runtime marker exists yet; typed compilation and symbol resolution do not prove executed callability.
Z3_mk_seq_sort	coverage-not-yet-authenticated	No authenticated per-call runtime marker exists yet; typed compilation and symbol resolution do not prove executed callability.
Z3_mk_seq_suffix	coverage-not-yet-authenticated	No authenticated per-call runtime marker exists yet; typed compilation and symbol resolution do not prove executed callability.
Z3_mk_seq_unit	coverage-not-yet-authenticated	No authenticated per-call runtime marker exists yet; typed compilation and symbol resolution do not prove executed callability.
Z3_mk_set_complement	coverage-not-yet-authenticated	No authenticated per-call runtime marker exists yet; typed compilation and symbol resolution do not prove executed callability.
Z3_mk_set_difference	coverage-not-yet-authenticated	No authenticated per-call runtime marker exists yet; typed compilation and symbol resolution do not prove executed callability.
Z3_mk_set_intersect	coverage-not-yet-authenticated	No authenticated per-call runtime marker exists yet; typed compilation and symbol resolution do not prove executed callability.
Z3_mk_set_member	coverage-not-yet-authenticated	No authenticated per-call runtime marker exists yet; typed compilation and symbol resolution do not prove executed callability.
Z3_mk_set_union	coverage-not-yet-authenticated	No authenticated per-call runtime marker exists yet; typed compilation and symbol resolution do not prove executed callability.
Z3_mk_sign_ext	coverage-not-yet-authenticated	No authenticated per-call runtime marker exists yet; typed compilation and symbol resolution do not prove executed callability.
Z3_mk_simplifier	coverage-not-yet-authenticated	No authenticated per-call runtime marker exists yet; typed compilation and symbol resolution do not prove executed callability.
Z3_mk_solver	coverage-not-yet-authenticated	No authenticated per-call runtime marker exists yet; typed compilation and symbol resolution do not prove executed callability.
Z3_mk_solver_from_tactic	coverage-not-yet-authenticated	No authenticated per-call runtime marker exists yet; typed compilation and symbol resolution do not prove executed callability.
Z3_mk_store	coverage-not-yet-authenticated	No authenticated per-call runtime marker exists yet; typed compilation and symbol resolution do not prove executed callability.
Z3_mk_store_n	coverage-not-yet-authenticated	No authenticated per-call runtime marker exists yet; typed compilation and symbol resolution do not prove executed callability.
Z3_mk_str_le	coverage-not-yet-authenticated	No authenticated per-call runtime marker exists yet; typed compilation and symbol resolution do not prove executed callability.
Z3_mk_str_lt	coverage-not-yet-authenticated	No authenticated per-call runtime marker exists yet; typed compilation and symbol resolution do not prove executed callability.
Z3_mk_str_to_int	coverage-not-yet-authenticated	No authenticated per-call runtime marker exists yet; typed compilation and symbol resolution do not prove executed callability.
Z3_mk_string_sort	coverage-not-yet-authenticated	No authenticated per-call runtime marker exists yet; typed compilation and symbol resolution do not prove executed callability.
Z3_mk_sub	coverage-not-yet-authenticated	No authenticated per-call runtime marker exists yet; typed compilation and symbol resolution do not prove executed callability.
Z3_mk_tactic	coverage-not-yet-authenticated	No authenticated per-call runtime marker exists yet; typed compilation and symbol resolution do not prove executed callability.
Z3_mk_transitive_closure	coverage-not-yet-authenticated	No authenticated per-call runtime marker exists yet; typed compilation and symbol resolution do not prove executed callability.
Z3_mk_tree_order	coverage-not-yet-authenticated	No authenticated per-call runtime marker exists yet; typed compilation and symbol resolution do not prove executed callability.
Z3_mk_tuple_sort	coverage-not-yet-authenticated	No authenticated per-call runtime marker exists yet; typed compilation and symbol resolution do not prove executed callability.
Z3_mk_type_variable	coverage-not-yet-authenticated	No authenticated per-call runtime marker exists yet; typed compilation and symbol resolution do not prove executed callability.
Z3_mk_unary_minus	coverage-not-yet-authenticated	No authenticated per-call runtime marker exists yet; typed compilation and symbol resolution do not prove executed callability.
Z3_mk_uninterpreted_sort	coverage-not-yet-authenticated	No authenticated per-call runtime marker exists yet; typed compilation and symbol resolution do not prove executed callability.
Z3_mk_unsigned_int	coverage-not-yet-authenticated	No authenticated per-call runtime marker exists yet; typed compilation and symbol resolution do not prove executed callability.
Z3_mk_xor	coverage-not-yet-authenticated	No authenticated per-call runtime marker exists yet; typed compilation and symbol resolution do not prove executed callability.
Z3_mk_zero_ext	coverage-not-yet-authenticated	No authenticated per-call runtime marker exists yet; typed compilation and symbol resolution do not prove executed callability.
Z3_model_eval	coverage-not-yet-authenticated	No authenticated per-call runtime marker exists yet; typed compilation and symbol resolution do not prove executed callability.
Z3_model_extrapolate	coverage-not-yet-authenticated	No authenticated per-call runtime marker exists yet; typed compilation and symbol resolution do not prove executed callability.
Z3_model_get_const_decl	coverage-not-yet-authenticated	No authenticated per-call runtime marker exists yet; typed compilation and symbol resolution do not prove executed callability.
Z3_model_get_const_interp	coverage-not-yet-authenticated	No authenticated per-call runtime marker exists yet; typed compilation and symbol resolution do not prove executed callability.
Z3_model_get_func_decl	coverage-not-yet-authenticated	No authenticated per-call runtime marker exists yet; typed compilation and symbol resolution do not prove executed callability.
Z3_model_get_num_consts	coverage-not-yet-authenticated	No authenticated per-call runtime marker exists yet; typed compilation and symbol resolution do not prove executed callability.
Z3_model_get_num_funcs	coverage-not-yet-authenticated	No authenticated per-call runtime marker exists yet; typed compilation and symbol resolution do not prove executed callability.
Z3_model_get_num_sorts	coverage-not-yet-authenticated	No authenticated per-call runtime marker exists yet; typed compilation and symbol resolution do not prove executed callability.
Z3_model_get_sort	coverage-not-yet-authenticated	No authenticated per-call runtime marker exists yet; typed compilation and symbol resolution do not prove executed callability.
Z3_model_get_sort_universe	coverage-not-yet-authenticated	No authenticated per-call runtime marker exists yet; typed compilation and symbol resolution do not prove executed callability.
Z3_model_has_interp	coverage-not-yet-authenticated	No authenticated per-call runtime marker exists yet; typed compilation and symbol resolution do not prove executed callability.
Z3_model_to_string	coverage-not-yet-authenticated	No authenticated per-call runtime marker exists yet; typed compilation and symbol resolution do not prove executed callability.
Z3_model_translate	coverage-not-yet-authenticated	No authenticated per-call runtime marker exists yet; typed compilation and symbol resolution do not prove executed callability.
Z3_open_log	process-global-filesystem	Requires an isolated open/append/close log protocol and cleanup; unsafe to share with parallel solver probes.
Z3_optimize_assert	coverage-not-yet-authenticated	No authenticated per-call runtime marker exists yet; typed compilation and symbol resolution do not prove executed callability.
Z3_optimize_assert_and_track	coverage-not-yet-authenticated	No authenticated per-call runtime marker exists yet; typed compilation and symbol resolution do not prove executed callability.
Z3_optimize_assert_soft	coverage-not-yet-authenticated	No authenticated per-call runtime marker exists yet; typed compilation and symbol resolution do not prove executed callability.
Z3_optimize_check	coverage-not-yet-authenticated	No authenticated per-call runtime marker exists yet; typed compilation and symbol resolution do not prove executed callability.
Z3_optimize_dec_ref	coverage-not-yet-authenticated	No authenticated per-call runtime marker exists yet; typed compilation and symbol resolution do not prove executed callability.
Z3_optimize_from_file	filesystem-protocol	Requires an isolated authenticated optimization script file and cleanup.
Z3_optimize_from_string	coverage-not-yet-authenticated	No authenticated per-call runtime marker exists yet; typed compilation and symbol resolution do not prove executed callability.
Z3_optimize_get_assertions	coverage-not-yet-authenticated	No authenticated per-call runtime marker exists yet; typed compilation and symbol resolution do not prove executed callability.
Z3_optimize_get_help	coverage-not-yet-authenticated	No authenticated per-call runtime marker exists yet; typed compilation and symbol resolution do not prove executed callability.
Z3_optimize_get_lower	coverage-not-yet-authenticated	No authenticated per-call runtime marker exists yet; typed compilation and symbol resolution do not prove executed callability.
Z3_optimize_get_lower_as_vector	unwired-stateful-fixture	Requires a checked optimization objective and exact infinitesimal-vector assertions.
Z3_optimize_get_model	coverage-not-yet-authenticated	No authenticated per-call runtime marker exists yet; typed compilation and symbol resolution do not prove executed callability.
Z3_optimize_get_objectives	coverage-not-yet-authenticated	No authenticated per-call runtime marker exists yet; typed compilation and symbol resolution do not prove executed callability.
Z3_optimize_get_param_descrs	coverage-not-yet-authenticated	No authenticated per-call runtime marker exists yet; typed compilation and symbol resolution do not prove executed callability.
Z3_optimize_get_reason_unknown	coverage-not-yet-authenticated	No authenticated per-call runtime marker exists yet; typed compilation and symbol resolution do not prove executed callability.
Z3_optimize_get_statistics	coverage-not-yet-authenticated	No authenticated per-call runtime marker exists yet; typed compilation and symbol resolution do not prove executed callability.
Z3_optimize_get_unsat_core	coverage-not-yet-authenticated	No authenticated per-call runtime marker exists yet; typed compilation and symbol resolution do not prove executed callability.
Z3_optimize_get_upper	coverage-not-yet-authenticated	No authenticated per-call runtime marker exists yet; typed compilation and symbol resolution do not prove executed callability.
Z3_optimize_get_upper_as_vector	coverage-not-yet-authenticated	No authenticated per-call runtime marker exists yet; typed compilation and symbol resolution do not prove executed callability.
Z3_optimize_inc_ref	coverage-not-yet-authenticated	No authenticated per-call runtime marker exists yet; typed compilation and symbol resolution do not prove executed callability.
Z3_optimize_maximize	coverage-not-yet-authenticated	No authenticated per-call runtime marker exists yet; typed compilation and symbol resolution do not prove executed callability.
Z3_optimize_minimize	coverage-not-yet-authenticated	No authenticated per-call runtime marker exists yet; typed compilation and symbol resolution do not prove executed callability.
Z3_optimize_pop	coverage-not-yet-authenticated	No authenticated per-call runtime marker exists yet; typed compilation and symbol resolution do not prove executed callability.
Z3_optimize_push	coverage-not-yet-authenticated	No authenticated per-call runtime marker exists yet; typed compilation and symbol resolution do not prove executed callability.
Z3_optimize_register_model_eh	coverage-not-yet-authenticated	No authenticated per-call runtime marker exists yet; typed compilation and symbol resolution do not prove executed callability.
Z3_optimize_set_initial_value	coverage-not-yet-authenticated	No authenticated per-call runtime marker exists yet; typed compilation and symbol resolution do not prove executed callability.
Z3_optimize_set_params	coverage-not-yet-authenticated	No authenticated per-call runtime marker exists yet; typed compilation and symbol resolution do not prove executed callability.
Z3_optimize_to_string	coverage-not-yet-authenticated	No authenticated per-call runtime marker exists yet; typed compilation and symbol resolution do not prove executed callability.
Z3_optimize_translate	coverage-not-yet-authenticated	No authenticated per-call runtime marker exists yet; typed compilation and symbol resolution do not prove executed callability.
Z3_param_descrs_get_documentation	unwired-descriptor-fixture	Requires a known descriptor symbol and exact non-placeholder documentation comparison.
Z3_param_descrs_get_kind	coverage-not-yet-authenticated	No authenticated per-call runtime marker exists yet; typed compilation and symbol resolution do not prove executed callability.
Z3_param_descrs_get_name	coverage-not-yet-authenticated	No authenticated per-call runtime marker exists yet; typed compilation and symbol resolution do not prove executed callability.
Z3_param_descrs_size	coverage-not-yet-authenticated	No authenticated per-call runtime marker exists yet; typed compilation and symbol resolution do not prove executed callability.
Z3_param_descrs_to_string	coverage-not-yet-authenticated	No authenticated per-call runtime marker exists yet; typed compilation and symbol resolution do not prove executed callability.
Z3_params_set_bool	coverage-not-yet-authenticated	No authenticated per-call runtime marker exists yet; typed compilation and symbol resolution do not prove executed callability.
Z3_params_set_symbol	coverage-not-yet-authenticated	No authenticated per-call runtime marker exists yet; typed compilation and symbol resolution do not prove executed callability.
Z3_params_set_uint	coverage-not-yet-authenticated	No authenticated per-call runtime marker exists yet; typed compilation and symbol resolution do not prove executed callability.
Z3_params_to_string	coverage-not-yet-authenticated	No authenticated per-call runtime marker exists yet; typed compilation and symbol resolution do not prove executed callability.
Z3_parse_smtlib2_file	coverage-not-yet-authenticated	No authenticated per-call runtime marker exists yet; typed compilation and symbol resolution do not prove executed callability.
Z3_parse_smtlib2_string	coverage-not-yet-authenticated	No authenticated per-call runtime marker exists yet; typed compilation and symbol resolution do not prove executed callability.
Z3_parser_context_add_decl	coverage-not-yet-authenticated	No authenticated per-call runtime marker exists yet; typed compilation and symbol resolution do not prove executed callability.
Z3_parser_context_add_sort	coverage-not-yet-authenticated	No authenticated per-call runtime marker exists yet; typed compilation and symbol resolution do not prove executed callability.
Z3_parser_context_dec_ref	coverage-not-yet-authenticated	No authenticated per-call runtime marker exists yet; typed compilation and symbol resolution do not prove executed callability.
Z3_parser_context_from_string	coverage-not-yet-authenticated	No authenticated per-call runtime marker exists yet; typed compilation and symbol resolution do not prove executed callability.
Z3_parser_context_inc_ref	coverage-not-yet-authenticated	No authenticated per-call runtime marker exists yet; typed compilation and symbol resolution do not prove executed callability.
Z3_pattern_to_ast	coverage-not-yet-authenticated	No authenticated per-call runtime marker exists yet; typed compilation and symbol resolution do not prove executed callability.
Z3_polynomial_subresultants	coverage-not-yet-authenticated	No authenticated per-call runtime marker exists yet; typed compilation and symbol resolution do not prove executed callability.
Z3_probe_and	coverage-not-yet-authenticated	No authenticated per-call runtime marker exists yet; typed compilation and symbol resolution do not prove executed callability.
Z3_probe_const	coverage-not-yet-authenticated	No authenticated per-call runtime marker exists yet; typed compilation and symbol resolution do not prove executed callability.
Z3_probe_eq	coverage-not-yet-authenticated	No authenticated per-call runtime marker exists yet; typed compilation and symbol resolution do not prove executed callability.
Z3_probe_get_descr	coverage-not-yet-authenticated	No authenticated per-call runtime marker exists yet; typed compilation and symbol resolution do not prove executed callability.
Z3_probe_gt	coverage-not-yet-authenticated	No authenticated per-call runtime marker exists yet; typed compilation and symbol resolution do not prove executed callability.
Z3_probe_le	coverage-not-yet-authenticated	No authenticated per-call runtime marker exists yet; typed compilation and symbol resolution do not prove executed callability.
Z3_probe_not	coverage-not-yet-authenticated	No authenticated per-call runtime marker exists yet; typed compilation and symbol resolution do not prove executed callability.
Z3_probe_or	coverage-not-yet-authenticated	No authenticated per-call runtime marker exists yet; typed compilation and symbol resolution do not prove executed callability.
Z3_query_constructor	coverage-not-yet-authenticated	No authenticated per-call runtime marker exists yet; typed compilation and symbol resolution do not prove executed callability.
Z3_rcf_add	coverage-not-yet-authenticated	No authenticated per-call runtime marker exists yet; typed compilation and symbol resolution do not prove executed callability.
Z3_rcf_coefficient	coverage-not-yet-authenticated	No authenticated per-call runtime marker exists yet; typed compilation and symbol resolution do not prove executed callability.
Z3_rcf_del	coverage-not-yet-authenticated	No authenticated per-call runtime marker exists yet; typed compilation and symbol resolution do not prove executed callability.
Z3_rcf_div	coverage-not-yet-authenticated	No authenticated per-call runtime marker exists yet; typed compilation and symbol resolution do not prove executed callability.
Z3_rcf_eq	coverage-not-yet-authenticated	No authenticated per-call runtime marker exists yet; typed compilation and symbol resolution do not prove executed callability.
Z3_rcf_extension_index	coverage-not-yet-authenticated	No authenticated per-call runtime marker exists yet; typed compilation and symbol resolution do not prove executed callability.
Z3_rcf_ge	coverage-not-yet-authenticated	No authenticated per-call runtime marker exists yet; typed compilation and symbol resolution do not prove executed callability.
Z3_rcf_get_numerator_denominator	coverage-not-yet-authenticated	No authenticated per-call runtime marker exists yet; typed compilation and symbol resolution do not prove executed callability.
Z3_rcf_gt	coverage-not-yet-authenticated	No authenticated per-call runtime marker exists yet; typed compilation and symbol resolution do not prove executed callability.
Z3_rcf_infinitesimal_name	coverage-not-yet-authenticated	No authenticated per-call runtime marker exists yet; typed compilation and symbol resolution do not prove executed callability.
Z3_rcf_interval	coverage-not-yet-authenticated	No authenticated per-call runtime marker exists yet; typed compilation and symbol resolution do not prove executed callability.
Z3_rcf_inv	coverage-not-yet-authenticated	No authenticated per-call runtime marker exists yet; typed compilation and symbol resolution do not prove executed callability.
Z3_rcf_is_algebraic	coverage-not-yet-authenticated	No authenticated per-call runtime marker exists yet; typed compilation and symbol resolution do not prove executed callability.
Z3_rcf_is_infinitesimal	coverage-not-yet-authenticated	No authenticated per-call runtime marker exists yet; typed compilation and symbol resolution do not prove executed callability.
Z3_rcf_is_rational	coverage-not-yet-authenticated	No authenticated per-call runtime marker exists yet; typed compilation and symbol resolution do not prove executed callability.
Z3_rcf_is_transcendental	coverage-not-yet-authenticated	No authenticated per-call runtime marker exists yet; typed compilation and symbol resolution do not prove executed callability.
Z3_rcf_le	coverage-not-yet-authenticated	No authenticated per-call runtime marker exists yet; typed compilation and symbol resolution do not prove executed callability.
Z3_rcf_lt	coverage-not-yet-authenticated	No authenticated per-call runtime marker exists yet; typed compilation and symbol resolution do not prove executed callability.
Z3_rcf_mk_e	coverage-not-yet-authenticated	No authenticated per-call runtime marker exists yet; typed compilation and symbol resolution do not prove executed callability.
Z3_rcf_mk_infinitesimal	coverage-not-yet-authenticated	No authenticated per-call runtime marker exists yet; typed compilation and symbol resolution do not prove executed callability.
Z3_rcf_mk_pi	coverage-not-yet-authenticated	No authenticated per-call runtime marker exists yet; typed compilation and symbol resolution do not prove executed callability.
Z3_rcf_mk_rational	coverage-not-yet-authenticated	No authenticated per-call runtime marker exists yet; typed compilation and symbol resolution do not prove executed callability.
Z3_rcf_mk_roots	coverage-not-yet-authenticated	No authenticated per-call runtime marker exists yet; typed compilation and symbol resolution do not prove executed callability.
Z3_rcf_mk_small_int	coverage-not-yet-authenticated	No authenticated per-call runtime marker exists yet; typed compilation and symbol resolution do not prove executed callability.
Z3_rcf_mul	coverage-not-yet-authenticated	No authenticated per-call runtime marker exists yet; typed compilation and symbol resolution do not prove executed callability.
Z3_rcf_neg	coverage-not-yet-authenticated	No authenticated per-call runtime marker exists yet; typed compilation and symbol resolution do not prove executed callability.
Z3_rcf_neq	coverage-not-yet-authenticated	No authenticated per-call runtime marker exists yet; typed compilation and symbol resolution do not prove executed callability.
Z3_rcf_num_coefficients	coverage-not-yet-authenticated	No authenticated per-call runtime marker exists yet; typed compilation and symbol resolution do not prove executed callability.
Z3_rcf_num_sign_condition_coefficients	coverage-not-yet-authenticated	No authenticated per-call runtime marker exists yet; typed compilation and symbol resolution do not prove executed callability.
Z3_rcf_num_sign_conditions	coverage-not-yet-authenticated	No authenticated per-call runtime marker exists yet; typed compilation and symbol resolution do not prove executed callability.
Z3_rcf_num_to_decimal_string	coverage-not-yet-authenticated	No authenticated per-call runtime marker exists yet; typed compilation and symbol resolution do not prove executed callability.
Z3_rcf_num_to_string	coverage-not-yet-authenticated	No authenticated per-call runtime marker exists yet; typed compilation and symbol resolution do not prove executed callability.
Z3_rcf_power	coverage-not-yet-authenticated	No authenticated per-call runtime marker exists yet; typed compilation and symbol resolution do not prove executed callability.
Z3_rcf_sign_condition_coefficient	coverage-not-yet-authenticated	No authenticated per-call runtime marker exists yet; typed compilation and symbol resolution do not prove executed callability.
Z3_rcf_sign_condition_sign	coverage-not-yet-authenticated	No authenticated per-call runtime marker exists yet; typed compilation and symbol resolution do not prove executed callability.
Z3_rcf_sub	coverage-not-yet-authenticated	No authenticated per-call runtime marker exists yet; typed compilation and symbol resolution do not prove executed callability.
Z3_rcf_transcendental_name	coverage-not-yet-authenticated	No authenticated per-call runtime marker exists yet; typed compilation and symbol resolution do not prove executed callability.
Z3_reset_memory	destructive-process-global	Resets global allocator state and invalidates live contexts and handles.
Z3_set_error	unwired-context-state	Needs an isolated error-handler/state transition so injected error state cannot mask later assertions.
Z3_set_param_value	coverage-not-yet-authenticated	No authenticated per-call runtime marker exists yet; typed compilation and symbol resolution do not prove executed callability.
Z3_simplifier_and_then	coverage-not-yet-authenticated	No authenticated per-call runtime marker exists yet; typed compilation and symbol resolution do not prove executed callability.
Z3_simplifier_dec_ref	coverage-not-yet-authenticated	No authenticated per-call runtime marker exists yet; typed compilation and symbol resolution do not prove executed callability.
Z3_simplifier_get_descr	coverage-not-yet-authenticated	No authenticated per-call runtime marker exists yet; typed compilation and symbol resolution do not prove executed callability.
Z3_simplifier_get_help	coverage-not-yet-authenticated	No authenticated per-call runtime marker exists yet; typed compilation and symbol resolution do not prove executed callability.
Z3_simplifier_get_param_descrs	coverage-not-yet-authenticated	No authenticated per-call runtime marker exists yet; typed compilation and symbol resolution do not prove executed callability.
Z3_simplifier_inc_ref	coverage-not-yet-authenticated	No authenticated per-call runtime marker exists yet; typed compilation and symbol resolution do not prove executed callability.
Z3_simplifier_using_params	coverage-not-yet-authenticated	No authenticated per-call runtime marker exists yet; typed compilation and symbol resolution do not prove executed callability.
Z3_simplify	coverage-not-yet-authenticated	No authenticated per-call runtime marker exists yet; typed compilation and symbol resolution do not prove executed callability.
Z3_simplify_ex	coverage-not-yet-authenticated	No authenticated per-call runtime marker exists yet; typed compilation and symbol resolution do not prove executed callability.
Z3_solver_add_simplifier	coverage-not-yet-authenticated	No authenticated per-call runtime marker exists yet; typed compilation and symbol resolution do not prove executed callability.
Z3_solver_assert_and_track	coverage-not-yet-authenticated	No authenticated per-call runtime marker exists yet; typed compilation and symbol resolution do not prove executed callability.
Z3_solver_check_assumptions	coverage-not-yet-authenticated	No authenticated per-call runtime marker exists yet; typed compilation and symbol resolution do not prove executed callability.
Z3_solver_congruence_explain	callback-protocol	Only valid during a user-propagator callback with solver-owned equality state.
Z3_solver_congruence_next	coverage-not-yet-authenticated	No authenticated per-call runtime marker exists yet; typed compilation and symbol resolution do not prove executed callability.
Z3_solver_congruence_root	coverage-not-yet-authenticated	No authenticated per-call runtime marker exists yet; typed compilation and symbol resolution do not prove executed callability.
Z3_solver_cube	coverage-not-yet-authenticated	No authenticated per-call runtime marker exists yet; typed compilation and symbol resolution do not prove executed callability.
Z3_solver_from_file	coverage-not-yet-authenticated	No authenticated per-call runtime marker exists yet; typed compilation and symbol resolution do not prove executed callability.
Z3_solver_from_string	coverage-not-yet-authenticated	No authenticated per-call runtime marker exists yet; typed compilation and symbol resolution do not prove executed callability.
Z3_solver_get_assertions	coverage-not-yet-authenticated	No authenticated per-call runtime marker exists yet; typed compilation and symbol resolution do not prove executed callability.
Z3_solver_get_consequences	coverage-not-yet-authenticated	No authenticated per-call runtime marker exists yet; typed compilation and symbol resolution do not prove executed callability.
Z3_solver_get_help	coverage-not-yet-authenticated	No authenticated per-call runtime marker exists yet; typed compilation and symbol resolution do not prove executed callability.
Z3_solver_get_levels	coverage-not-yet-authenticated	No authenticated per-call runtime marker exists yet; typed compilation and symbol resolution do not prove executed callability.
Z3_solver_get_non_units	coverage-not-yet-authenticated	No authenticated per-call runtime marker exists yet; typed compilation and symbol resolution do not prove executed callability.
Z3_solver_get_num_scopes	coverage-not-yet-authenticated	No authenticated per-call runtime marker exists yet; typed compilation and symbol resolution do not prove executed callability.
Z3_solver_get_param_descrs	coverage-not-yet-authenticated	No authenticated per-call runtime marker exists yet; typed compilation and symbol resolution do not prove executed callability.
Z3_solver_get_proof	coverage-not-yet-authenticated	No authenticated per-call runtime marker exists yet; typed compilation and symbol resolution do not prove executed callability.
Z3_solver_get_reason_unknown	coverage-not-yet-authenticated	No authenticated per-call runtime marker exists yet; typed compilation and symbol resolution do not prove executed callability.
Z3_solver_get_statistics	coverage-not-yet-authenticated	No authenticated per-call runtime marker exists yet; typed compilation and symbol resolution do not prove executed callability.
Z3_solver_get_trail	coverage-not-yet-authenticated	No authenticated per-call runtime marker exists yet; typed compilation and symbol resolution do not prove executed callability.
Z3_solver_get_units	coverage-not-yet-authenticated	No authenticated per-call runtime marker exists yet; typed compilation and symbol resolution do not prove executed callability.
Z3_solver_get_unsat_core	coverage-not-yet-authenticated	No authenticated per-call runtime marker exists yet; typed compilation and symbol resolution do not prove executed callability.
Z3_solver_import_model_converter	unsafe-precondition	Pinned Z3 crashes for ordinary solvers; it requires a specifically interrupted/inprocessed source solver and strengthened destination.
Z3_solver_next_split	callback-protocol	Requires a live solver callback token supplied by the user-propagator protocol.
Z3_solver_pop	coverage-not-yet-authenticated	No authenticated per-call runtime marker exists yet; typed compilation and symbol resolution do not prove executed callability.
Z3_solver_propagate_consequence	coverage-not-yet-authenticated	No authenticated per-call runtime marker exists yet; typed compilation and symbol resolution do not prove executed callability.
Z3_solver_propagate_created	callback-protocol	Requires callback registration, retained user state, and a solve that creates terms.
Z3_solver_propagate_decide	callback-protocol	Requires callback registration, retained user state, and a solve that requests a decision.
Z3_solver_propagate_declare	callback-protocol	Requires a complete propagation declaration/registration lifecycle and callback state.
Z3_solver_propagate_diseq	coverage-not-yet-authenticated	No authenticated per-call runtime marker exists yet; typed compilation and symbol resolution do not prove executed callability.
Z3_solver_propagate_eq	coverage-not-yet-authenticated	No authenticated per-call runtime marker exists yet; typed compilation and symbol resolution do not prove executed callability.
Z3_solver_propagate_final	coverage-not-yet-authenticated	No authenticated per-call runtime marker exists yet; typed compilation and symbol resolution do not prove executed callability.
Z3_solver_propagate_fixed	coverage-not-yet-authenticated	No authenticated per-call runtime marker exists yet; typed compilation and symbol resolution do not prove executed callability.
Z3_solver_propagate_init	coverage-not-yet-authenticated	No authenticated per-call runtime marker exists yet; typed compilation and symbol resolution do not prove executed callability.
Z3_solver_propagate_on_binding	callback-protocol	Requires callback registration, retained user state, and a quantified binding event.
Z3_solver_propagate_register	coverage-not-yet-authenticated	No authenticated per-call runtime marker exists yet; typed compilation and symbol resolution do not prove executed callability.
Z3_solver_propagate_register_cb	callback-protocol	Only valid for a callback token delivered by an active user-propagator callback.
Z3_solver_push	coverage-not-yet-authenticated	No authenticated per-call runtime marker exists yet; typed compilation and symbol resolution do not prove executed callability.
Z3_solver_register_on_clause	coverage-not-yet-authenticated	No authenticated per-call runtime marker exists yet; typed compilation and symbol resolution do not prove executed callability.
Z3_solver_reset	coverage-not-yet-authenticated	No authenticated per-call runtime marker exists yet; typed compilation and symbol resolution do not prove executed callability.
Z3_solver_solve_for	coverage-not-yet-authenticated	No authenticated per-call runtime marker exists yet; typed compilation and symbol resolution do not prove executed callability.
Z3_solver_to_dimacs_string	coverage-not-yet-authenticated	No authenticated per-call runtime marker exists yet; typed compilation and symbol resolution do not prove executed callability.
Z3_solver_to_string	coverage-not-yet-authenticated	No authenticated per-call runtime marker exists yet; typed compilation and symbol resolution do not prove executed callability.
Z3_solver_translate	coverage-not-yet-authenticated	No authenticated per-call runtime marker exists yet; typed compilation and symbol resolution do not prove executed callability.
Z3_sort_to_ast	coverage-not-yet-authenticated	No authenticated per-call runtime marker exists yet; typed compilation and symbol resolution do not prove executed callability.
Z3_sort_to_string	coverage-not-yet-authenticated	No authenticated per-call runtime marker exists yet; typed compilation and symbol resolution do not prove executed callability.
Z3_stats_dec_ref	coverage-not-yet-authenticated	No authenticated per-call runtime marker exists yet; typed compilation and symbol resolution do not prove executed callability.
Z3_stats_get_double_value	coverage-not-yet-authenticated	No authenticated per-call runtime marker exists yet; typed compilation and symbol resolution do not prove executed callability.
Z3_stats_get_key	coverage-not-yet-authenticated	No authenticated per-call runtime marker exists yet; typed compilation and symbol resolution do not prove executed callability.
Z3_stats_get_uint_value	coverage-not-yet-authenticated	No authenticated per-call runtime marker exists yet; typed compilation and symbol resolution do not prove executed callability.
Z3_stats_inc_ref	coverage-not-yet-authenticated	No authenticated per-call runtime marker exists yet; typed compilation and symbol resolution do not prove executed callability.
Z3_stats_is_double	coverage-not-yet-authenticated	No authenticated per-call runtime marker exists yet; typed compilation and symbol resolution do not prove executed callability.
Z3_stats_is_uint	coverage-not-yet-authenticated	No authenticated per-call runtime marker exists yet; typed compilation and symbol resolution do not prove executed callability.
Z3_stats_size	coverage-not-yet-authenticated	No authenticated per-call runtime marker exists yet; typed compilation and symbol resolution do not prove executed callability.
Z3_stats_to_string	coverage-not-yet-authenticated	No authenticated per-call runtime marker exists yet; typed compilation and symbol resolution do not prove executed callability.
Z3_substitute	coverage-not-yet-authenticated	No authenticated per-call runtime marker exists yet; typed compilation and symbol resolution do not prove executed callability.
Z3_substitute_funs	coverage-not-yet-authenticated	No authenticated per-call runtime marker exists yet; typed compilation and symbol resolution do not prove executed callability.
Z3_tactic_and_then	coverage-not-yet-authenticated	No authenticated per-call runtime marker exists yet; typed compilation and symbol resolution do not prove executed callability.
Z3_tactic_apply_ex	coverage-not-yet-authenticated	No authenticated per-call runtime marker exists yet; typed compilation and symbol resolution do not prove executed callability.
Z3_tactic_cond	coverage-not-yet-authenticated	No authenticated per-call runtime marker exists yet; typed compilation and symbol resolution do not prove executed callability.
Z3_tactic_fail	coverage-not-yet-authenticated	No authenticated per-call runtime marker exists yet; typed compilation and symbol resolution do not prove executed callability.
Z3_tactic_fail_if	coverage-not-yet-authenticated	No authenticated per-call runtime marker exists yet; typed compilation and symbol resolution do not prove executed callability.
Z3_tactic_fail_if_not_decided	coverage-not-yet-authenticated	No authenticated per-call runtime marker exists yet; typed compilation and symbol resolution do not prove executed callability.
Z3_tactic_get_descr	coverage-not-yet-authenticated	No authenticated per-call runtime marker exists yet; typed compilation and symbol resolution do not prove executed callability.
Z3_tactic_get_help	coverage-not-yet-authenticated	No authenticated per-call runtime marker exists yet; typed compilation and symbol resolution do not prove executed callability.
Z3_tactic_get_param_descrs	coverage-not-yet-authenticated	No authenticated per-call runtime marker exists yet; typed compilation and symbol resolution do not prove executed callability.
Z3_tactic_or_else	coverage-not-yet-authenticated	No authenticated per-call runtime marker exists yet; typed compilation and symbol resolution do not prove executed callability.
Z3_tactic_par_and_then	coverage-not-yet-authenticated	No authenticated per-call runtime marker exists yet; typed compilation and symbol resolution do not prove executed callability.
Z3_tactic_par_or	coverage-not-yet-authenticated	No authenticated per-call runtime marker exists yet; typed compilation and symbol resolution do not prove executed callability.
Z3_tactic_repeat	coverage-not-yet-authenticated	No authenticated per-call runtime marker exists yet; typed compilation and symbol resolution do not prove executed callability.
Z3_tactic_try_for	coverage-not-yet-authenticated	No authenticated per-call runtime marker exists yet; typed compilation and symbol resolution do not prove executed callability.
Z3_tactic_using_params	coverage-not-yet-authenticated	No authenticated per-call runtime marker exists yet; typed compilation and symbol resolution do not prove executed callability.
Z3_tactic_when	coverage-not-yet-authenticated	No authenticated per-call runtime marker exists yet; typed compilation and symbol resolution do not prove executed callability.
Z3_to_func_decl	coverage-not-yet-authenticated	No authenticated per-call runtime marker exists yet; typed compilation and symbol resolution do not prove executed callability.
Z3_toggle_warning_messages	process-global-state	Mutates process-wide warning behavior and can interfere with concurrent tests.
Z3_translate	coverage-not-yet-authenticated	No authenticated per-call runtime marker exists yet; typed compilation and symbol resolution do not prove executed callability.
Z3_update_param_value	coverage-not-yet-authenticated	No authenticated per-call runtime marker exists yet; typed compilation and symbol resolution do not prove executed callability.
Z3_update_term	coverage-not-yet-authenticated	No authenticated per-call runtime marker exists yet; typed compilation and symbol resolution do not prove executed callability.
